"Course Code","Course Name","Section","Faculty","Schedule","Room"
"CSE 1111","Structured Programming Language","A","Anika Tasnim Rodela","Saturday 08:30-09:50 | Tuesday 08:30-09:50 | 304","304"
"CSE 1111","Structured Programming Language","B","Anika Tasnim Rodela","Saturday 09:51-11:10 | Tuesday 09:51-11:10 | 304","304"
"CSE 1111","Structured Programming Language","C","Mohammad Nurul Huda","Saturday 11:11-12:30 | Tuesday 11:11-12:30 | 304","304"
"CSE 1111","Structured Programming Language","D","Shahil Yasar Haque","Saturday 12:31-13:50 | Tuesday 12:31-13:50 | 303","303"
"CSE 1111","Structured Programming Language","E","Hasan Sarwar","Saturday 13:51-15:10 | Tuesday 13:51-15:10 | 302","302"
"CSE 1111","Structured Programming Language","F","Anika Tasnim Rodela","Sunday 08:30-09:50 | Wednesday 08:30-09:50 | 305","305"
"CSE 1111","Structured Programming Language","G","Nusrat Jahan Tithi","Sunday 09:51-11:10 | Wednesday 09:51-11:10 | 302","302"
"CSE 1111","Structured Programming Language","H","Anika Tasnim Rodela","Sunday 11:11-12:30 | Wednesday 11:11-12:30 | 302","302"
"CSE 1111","Structured Programming Language","I","Nusrat Jahan Tithi","Sunday 12:31-13:50 | Wednesday 12:31-13:50 | 303","303"
"CSE 1111","Structured Programming Language","J","Faria Tabassum","Sunday 13:51-15:10 | Wednesday 13:51-15:10 | 304","304"
"CSE 1111","Structured Programming Language","K","Faria Tabassum","Sunday 15:11-16:30 | Wednesday 15:11-16:30 | 305","305"
"CSE 1112","Structured Programming Language Laboratory","A","Abu Bakar Fahad","Sunday 14:00-16:30 | 627 - Computer Lab","627 - Computer Lab"
"CSE 1112","Structured Programming Language Laboratory","B","Nabila Sabrin Sworna","Saturday 11:11-13:40 | 327 - Computer Lab","327 - Computer Lab"
"CSE 1112","Structured Programming Language Laboratory","C","Shahil Yasar Haque","Sunday 08:30-11:00 | 326 - Computer Lab","326 - Computer Lab"
"CSE 1112","Structured Programming Language Laboratory","D","Sahid Hossain Mustakim","Sunday 11:11-13:40 | 327 - Computer Lab","327 - Computer Lab"
"CSE 1112","Structured Programming Language Laboratory","E","Sidratul Tanzila Tasmi","Sunday 14:00-16:30 | 522 - Computer Lab","522 - Computer Lab"
"CSE 1112","Structured Programming Language Laboratory","F","Sayeem Been Zaman","Tuesday 08:30-11:00 | 327 - Computer Lab","327 - Computer Lab"
"CSE 1112","Structured Programming Language Laboratory","G","S M Jishanul Islam","Tuesday 11:11-13:40 | 327 - Computer Lab","327 - Computer Lab"
"CSE 1112","Structured Programming Language Laboratory","H","Nabila Sabrin Sworna","Tuesday 14:00-16:30 | 327 - Computer Lab","327 - Computer Lab"
"CSE 1112","Structured Programming Language Laboratory","I","Shahil Yasar Haque","Wednesday 11:11-13:40 | 327 - Computer Lab","327 - Computer Lab"
"CSE 1112","Structured Programming Language Laboratory","J","Sidratul Tanzila Tasmi","Wednesday 14:00-16:30 | 327 - Computer Lab","327 - Computer Lab"
"CSE 1115","Object Oriented Programming","A","Md. Romizul Islam","Saturday 08:30-09:50 | Tuesday 08:30-09:50 | 305","305"
"CSE 1115","Object Oriented Programming","B","Nusrat Jahan Tithi","Saturday 09:51-11:10 | Tuesday 09:51-11:10 | 305","305"
"CSE 1115","Object Oriented Programming","C","Ashraful Islam Paran","Saturday 11:11-12:30 | Tuesday 11:11-12:30 | 305","305"
"CSE 1115","Object Oriented Programming","D","Md. Romizul Islam","Saturday 12:31-13:50 | Tuesday 12:31-13:50 | 304","304"
"CSE 1115","Object Oriented Programming","E","Ashraful Islam Paran","Sunday 08:30-09:50 | Wednesday 08:30-09:50 | 306","306"
"CSE 1115","Object Oriented Programming","F","Mir Moynuddin Ahmed Shibly","Sunday 09:51-11:10 | Wednesday 09:51-11:10 | 303","303"
"CSE 1115","Object Oriented Programming","G","Rakibul Hasan Rafi","Sunday 13:51-15:10 | Wednesday 13:51-15:10 | 305","305"
"CSE 1115","Object Oriented Programming","H","Muhammad Anwarul Azim","Sunday 15:11-16:30 | Wednesday 15:11-16:30 | 306","306"
"CSE 1116","Object Oriented Programming Laboratory","A","Rakibul Hasan Rafi","Tuesday 08:30-11:00 | 422 - Computer Lab","422 - Computer Lab"
"CSE 1116","Object Oriented Programming Laboratory","B","Ashraful Islam Paran","Tuesday 14:00-16:30 | 422 - Computer Lab","422 - Computer Lab"
"CSE 1116","Object Oriented Programming Laboratory","C","Rakibul Hasan Rafi","Wednesday 08:30-11:00 | 326 - Computer Lab","326 - Computer Lab"
"CSE 1116","Object Oriented Programming Laboratory","D","Md. Romizul Islam","Sunday 11:11-13:40 | 528 - Computer Lab","528 - Computer Lab"
"CSE 1116","Object Oriented Programming Laboratory","E","Md. Romizul Islam","Wednesday 11:11-13:40 | 727 - Computer Lab","727 - Computer Lab"
"CSE 1116","Object Oriented Programming Laboratory","F","Ashraful Islam Paran","Sunday 14:00-16:30 | 523 - Computer Lab","523 - Computer Lab"
"CSE 4165","Web Programming","A","Md. Shadman Aadeeb","Saturday 08:30-11:00 | 626 - Computer Lab","626 - Computer Lab"
"CSE 4165","Web Programming","B","Rafid Nahiyan Farabi","Saturday 11:11-13:40 | 926 - Computer Lab","926 - Computer Lab"
"CSE 4165","Web Programming","C","Md. Shadman Aadeeb","Saturday 14:00-16:30 | 826 - Computer Lab","826 - Computer Lab"
"CSE 4165","Web Programming","D","Mahmudul Hasan","Sunday 08:30-11:00 | 727 - Computer Lab","727 - Computer Lab"
"CSE 4165","Web Programming","E","Sayem Shahad","Sunday 11:11-13:40 | 926 - Computer Lab","926 - Computer Lab"
"CSE 4165","Web Programming","F","Nahid Hossain","Sunday 14:00-16:30 | 426 - Computer Lab","426 - Computer Lab"
"CSE 4165","Web Programming","G","Sabah Ahmed","Sunday 08:30-11:00 | 826 - Computer Lab","826 - Computer Lab"
"CSE 4165","Web Programming","H","Pranta Biswas","Sunday 11:11-13:40 | 927 - Computer Lab","927 - Computer Lab"
"CSE 4165","Web Programming","I","Mahmudul Hasan","Sunday 14:00-16:30 | 423 - Computer Lab","423 - Computer Lab"
"CSE 4165","Web Programming","J","Md. Shadman Aadeeb","Tuesday 08:30-11:00 | 532 - Computer Lab","532 - Computer Lab"
"CSE 4165","Web Programming","K","Tasmia Binte Sogir","Tuesday 11:11-13:40 | 626 - Computer Lab","626 - Computer Lab"
"CSE 4165","Web Programming","L","Tasmia Binte Sogir","Tuesday 14:00-16:30 | 426 - Computer Lab","426 - Computer Lab"
"CSE 4165","Web Programming","M","Nahid Hossain","Tuesday 08:30-11:10 | 427 - Computer Lab","427 - Computer Lab"
"CSE 4165","Web Programming","N","Rafid Nahiyan Farabi","Tuesday 11:11-13:40 | 826 - Computer Lab","826 - Computer Lab"
"CSE 4165","Web Programming","O","Asif Abrar","Tuesday 14:00-16:30 | 529 - Computer Lab","529 - Computer Lab"
"CSE 4165","Web Programming","P","Pranta Biswas","Tuesday 11:11-13:40 | 827 - Computer Lab","827 - Computer Lab"
"CSE 4165","Web Programming","Q","Mahmudul Hasan","Wednesday 08:30-11:00 | 532 - Computer Lab","532 - Computer Lab"
"CSE 4165","Web Programming","R","Nahid Hossain","Wednesday 11:11-13:40 | 426 - Computer Lab","426 - Computer Lab"
"CSE 4165","Web Programming","S","Sabah Ahmed","Wednesday 14:00-16:30 | 627 - Computer Lab","627 - Computer Lab"
"CSE 4165","Web Programming","T","Sabah Ahmed","Wednesday 08:30-11:00 | 826 - Computer Lab","826 - Computer Lab"
"CSE 4165","Web Programming","U","Sayem Shahad","Wednesday 11:11-13:40 | 927 - Computer Lab","927 - Computer Lab"
"CSE 4165","Web Programming","V","Sayem Shahad","Wednesday 14:00-16:30 | 422 - Computer Lab","422 - Computer Lab"
"CSE 4165","Web Programming","W","Pranta Biswas","Wednesday 11:11-13:40 | 627 - Computer Lab","627 - Computer Lab"
"CSE 4181","Mobile Application Development","A","Kazi Abdun Noor","Sunday 08:30-11:00 | 827 - Computer Lab","827 - Computer Lab"
"CSE 4181","Mobile Application Development","B","Kazi Abdun Noor","Tuesday 11:11-13:40 | 926 - Computer Lab","926 - Computer Lab"
"CSE 4181","Mobile Application Development","C","Kazi Abdun Noor","Wednesday 14:00-16:30 | 926 - Computer Lab","926 - Computer Lab"
"CSE 1325","Digital Logic Design","A","Asnuva Tanvin","Saturday 08:30-09:50 | Tuesday 08:30-09:50 | 306","306"
"CSE 1325","Digital Logic Design","B","Tahsin Wahid","Saturday 09:51-11:10 | Tuesday 09:51-11:10 | 306","306"
"CSE 1325","Digital Logic Design","C","Asnuva Tanvin","Saturday 11:11-12:30 | Tuesday 11:11-12:30 | 306","306"
"CSE 1325","Digital Logic Design","D","Md. Muhaiminul Islam Nafi","Saturday 12:31-13:50 | Tuesday 12:31-13:50 | 305","305"
"CSE 1325","Digital Logic Design","E","Asnuva Tanvin","Sunday 08:30-09:50 | Wednesday 08:30-09:50 | 307","307"
"CSE 1325","Digital Logic Design","F","Md. Benzir Ahmed","Sunday 09:51-11:10 | Wednesday 09:51-11:10 | 304","304"
"CSE 1325","Digital Logic Design","G","Riasat Azim","Sunday 11:11-12:30 | Wednesday 11:11-12:30 | 303","303"
"CSE 1325","Digital Logic Design","H","Md. Muhaiminul Islam Nafi","Sunday 12:31-13:50 | Wednesday 12:31-13:50 | 304","304"
"CSE 1325","Digital Logic Design","I","Shahil Yasar Haque","Sunday 13:51-15:10 | Wednesday 13:51-15:10 | 306","306"
"CSE 1326","Digital Logic Design Laboratory","A","S M Jishanul Islam","Wednesday 11:11-13:40 | 508 - Digital Lab","508 - Digital Lab"
"CSE 1326","Digital Logic Design Laboratory","B","Sayeem Been Zaman","Saturday 11:11-13:40 | 508 - Digital Lab","508 - Digital Lab"
"CSE 1326","Digital Logic Design Laboratory","C","Asnuva Tanvin","Sunday 11:11-13:40 | 508 - Digital Lab","508 - Digital Lab"
"CSE 1326","Digital Logic Design Laboratory","D","Shahil Yasar Haque","Saturday 08:30-11:00 | 508 - Digital Lab","508 - Digital Lab"
"CSE 1326","Digital Logic Design Laboratory","E","Shahil Yasar Haque","Tuesday 14:00-16:30 | 508 - Digital Lab","508 - Digital Lab"
"CSE 1326","Digital Logic Design Laboratory","F","Miftahul Sheikh","Sunday 14:00-16:30 | 508 - Digital Lab","508 - Digital Lab"
"CSE 1326","Digital Logic Design Laboratory","G","Asnuva Tanvin","Wednesday 14:00-16:30 | 508 - Digital Lab","508 - Digital Lab"
"CSE 1326","Digital Logic Design Laboratory","H","Miftahul Sheikh","Tuesday 08:30-11:00 | 508 - Digital Lab","508 - Digital Lab"
"CSE 3313","Computer Architecture","A","Sidratul Tanzila Tasmi","Saturday 09:51-11:10 | Tuesday 09:51-11:10 | 324","324"
"CSE 3313","Computer Architecture","B","Shoib Ahmed Shourav","Saturday 11:11-12:30 | Tuesday 11:11-12:30 | 323","323"
"CSE 3313","Computer Architecture","C","Shoib Ahmed Shourav","Saturday 12:31-13:50 | Tuesday 12:31-13:50 | 323","323"
"CSE 3313","Computer Architecture","D","Shoib Ahmed Shourav","Saturday 13:51-15:10 | Tuesday 13:51-15:10 | 308","308"
"CSE 3313","Computer Architecture","E","Sidratul Tanzila Tasmi","Sunday 09:51-11:10 | Wednesday 09:51-11:10 | 309","309"
"CSE 3313","Computer Architecture","F","Shoib Ahmed Shourav","Sunday 11:11-12:30 | Wednesday 11:11-12:30 | 323","323"
"CSE 3313","Computer Architecture","G","Shoib Ahmed Shourav","Sunday 12:31-13:50 | Wednesday 12:31-13:50 | 322","322"
"CSE 3313","Computer Architecture","H","Humaira Anzum Neha","Sunday 13:51-15:10 | Wednesday 13:51-15:10 | 324","324"
"CSE 3313","Computer Architecture","I","Humaira Anzum Neha","Sunday 15:11-16:30 | Wednesday 15:11-16:30 | 325","325"
"CSE 4325","Microprocessors and Microcontrollers","A","Md. Shafqat Talukder","Saturday 11:11-12:30 | Tuesday 11:11-12:30 | 428","428"
"CSE 4325","Microprocessors and Microcontrollers","B","Md. Shafqat Talukder","Sunday 15:11-16:30 | Wednesday 15:11-16:30 | 410","410"
"CSE 4325","Microprocessors and Microcontrollers","C","Khandokar Md. Rahat Hossain","Saturday 12:31-13:50 | Tuesday 12:31-13:50 | 404","404"
"CSE 4325","Microprocessors and Microcontrollers","D","Md. Shafqat Talukder","Sunday 09:51-11:10 | Wednesday 09:51-11:10 | 402","402"
"CSE 4325","Microprocessors and Microcontrollers","E","Rafid Nahiyan Farabi","Saturday 13:51-15:10 | Tuesday 13:51-15:10 | 403","403"
"CSE 4325","Microprocessors and Microcontrollers","F","Arnab Bhattacharjee","Sunday 11:11-12:30 | Wednesday 11:11-12:30 | 404","404"
"CSE 4325","Microprocessors and Microcontrollers","G","Khandokar Md. Rahat Hossain","Saturday 08:30-09:50 | Tuesday 08:30-09:50 | 425","425"
"CSE 4325","Microprocessors and Microcontrollers","H","Arnab Bhattacharjee","Sunday 12:31-13:50 | Wednesday 12:31-13:50 | 403","403"
"CSE 4325","Microprocessors and Microcontrollers","I","Khandokar Md. Rahat Hossain","Sunday 08:30-09:50 | Wednesday 08:30-09:50 | 404","404"
"CSE 4326","Microprocessors and Microcontrollers Laboratory","A","Md. Shafqat Talukder","Saturday 08:30-11:00 | 505 - Circuit Lab","505 - Circuit Lab"
"CSE 4326","Microprocessors and Microcontrollers Laboratory","B","Arnab Bhattacharjee","Saturday 11:11-13:40 | 501 - Circuit Lab","501 - Circuit Lab"
"CSE 4326","Microprocessors and Microcontrollers Laboratory","C","Rafid Nahiyan Farabi","Sunday 08:30-11:00 | 501 - Circuit Lab","501 - Circuit Lab"
"CSE 4326","Microprocessors and Microcontrollers Laboratory","D","TBA","Sunday 11:11-13:40 | 501 - Circuit Lab","501 - Circuit Lab"
"CSE 4326","Microprocessors and Microcontrollers Laboratory","E","Md. Abid Hossain","Sunday 14:00-16:30 | 501 - Circuit Lab","501 - Circuit Lab"
"CSE 4326","Microprocessors and Microcontrollers Laboratory","F","Arnab Bhattacharjee","Tuesday 08:30-11:00 | 501 - Circuit Lab","501 - Circuit Lab"
"CSE 4326","Microprocessors and Microcontrollers Laboratory","G","Shekh. Md. Saifur Rahman","Tuesday 11:11-13:40 | 501 - Circuit Lab","501 - Circuit Lab"
"CSE 4326","Microprocessors and Microcontrollers Laboratory","H","Md. Shafqat Talukder","Tuesday 14:00-16:30 | 501 - Circuit Lab","501 - Circuit Lab"
"CSE 4326","Microprocessors and Microcontrollers Laboratory","I","Rafid Nahiyan Farabi","Wednesday 08:30-11:00 | 501 - Circuit Lab","501 - Circuit Lab"
"CSE 4326","Microprocessors and Microcontrollers Laboratory","J","TBA","Wednesday 11:11-13:40 | 501 - Circuit Lab","501 - Circuit Lab"
"CSE 4326","Microprocessors and Microcontrollers Laboratory","K","Fahim Hafiz","Wednesday 14:00-16:30 | 504 - Circuit Lab","504 - Circuit Lab"
"CSE 2213","Discrete Mathematics","A","Nusaiba Zaman Manifa","Saturday 08:30-09:50 | Tuesday 08:30-09:50 | 307","307"
"CSE 2213","Discrete Mathematics","B","Minhajul Bashir","Saturday 09:51-11:10 | Tuesday 09:51-11:10 | 307","307"
"CSE 2213","Discrete Mathematics","C","Minhajul Bashir","Saturday 12:31-13:50 | Tuesday 12:31-13:50 | 306","306"
"CSE 2213","Discrete Mathematics","D","Sidratul Tanzila Tasmi","Saturday 13:51-15:10 | Tuesday 13:51-15:10 | 303","303"
"CSE 2213","Discrete Mathematics","E","Rakib Ahsan","Sunday 09:51-11:10 | Wednesday 09:51-11:10 | 305","305"
"CSE 2213","Discrete Mathematics","F","Khushnur Binte Jahangir","Sunday 11:11-12:30 | Wednesday 11:11-12:30 | 304","304"
"CSE 2213","Discrete Mathematics","G","Rakib Ahsan","Sunday 12:31-13:50 | Wednesday 12:31-13:50 | 305","305"
"CSE 2213","Discrete Mathematics","H","Nusaiba Zaman Manifa","Sunday 13:51-15:10 | Wednesday 13:51-15:10 | 307","307"
"CSE 2213","Discrete Mathematics","I","Nusaiba Zaman Manifa","Sunday 15:11-16:30 | Wednesday 15:11-16:30 | 307","307"
"CSE 2215","Data Structure and Algorithms I","A","Mohammad Nurul Huda","Saturday 08:30-09:50 | Tuesday 08:30-09:50 | 308","308"
"CSE 2215","Data Structure and Algorithms I","B","Saqif Kaisar","Saturday 09:51-11:10 | Tuesday 09:51-11:10 | 308","308"
"CSE 2215","Data Structure and Algorithms I","C","Syed Samin Sadaf","Saturday 11:11-12:30 | Tuesday 11:11-12:30 | 308","308"
"CSE 2215","Data Structure and Algorithms I","D","Saqif Kaisar","Saturday 12:31-13:50 | Tuesday 12:31-13:50 | 307","307"
"CSE 2215","Data Structure and Algorithms I","E","Syed Samin Sadaf","Saturday 13:51-15:10 | Tuesday 13:51-15:10 | 304","304"
"CSE 2215","Data Structure and Algorithms I","F","Rubaiya Rahtin Khan","Saturday 08:30-09:50 | Tuesday 08:30-09:50 | 309","309"
"CSE 2215","Data Structure and Algorithms I","G","Sherajul Arifin","Saturday 09:51-11:10 | Tuesday 09:51-11:10 | 309","309"
"CSE 2215","Data Structure and Algorithms I","H","Miftahul Sheikh","Saturday 11:11-12:30 | Tuesday 11:11-12:30 | 309","309"
"CSE 2215","Data Structure and Algorithms I","I","Fairoz Anika","Saturday 12:31-13:50 | Tuesday 12:31-13:50 | 308","308"
"CSE 2215","Data Structure and Algorithms I","J","TBA","Tuesday 11:11-12:30 | Tuesday 12:31-13:50 | 410","410"
"CSE 2215","Data Structure and Algorithms I","K","Mohammad Nurul Huda","Sunday 08:30-09:50 | Wednesday 08:30-09:50 | 309","309"
"CSE 2215","Data Structure and Algorithms I","L","Rubaiya Rahtin Khan","Sunday 09:51-11:10 | Wednesday 09:51-11:10 | 306","306"
"CSE 2215","Data Structure and Algorithms I","M","Md. Enamul Haque","Sunday 11:11-12:30 | Wednesday 11:11-12:30 | 306","306"
"CSE 2215","Data Structure and Algorithms I","N","Rubaiya Rahtin Khan","Sunday 12:31-13:50 | Wednesday 12:31-13:50 | 306","306"
"CSE 2215","Data Structure and Algorithms I","O","Md. Enamul Haque","Sunday 13:51-15:10 | Wednesday 13:51-15:10 | 308","308"
"CSE 2215","Data Structure and Algorithms I","P","Sahid Hossain Mustakim","Sunday 15:11-16:30 | Wednesday 15:11-16:30 | 308","308"
"CSE 2215","Data Structure and Algorithms I","Q","Sayeem Been Zaman","Sunday 11:11-12:30 | Wednesday 11:11-12:30 | 307","307"
"CSE 2215","Data Structure and Algorithms I","R","Sayeem Been Zaman","Sunday 12:31-13:50 | Wednesday 12:31-13:50 | 307","307"
"CSE 2215","Data Structure and Algorithms I","S","TBA","Sunday 11:11-12:30 | Wednesday 11:11-12:30 | 305","305"
"CSE 2215","Data Structure and Algorithms I","T","Charles Aunkan Gomes","Sunday 15:11-16:30 | Wednesday 15:11-16:30 | 309","309"
"CSE 2216","Data Structure and Algorithms I Laboratory","A","Fairoz Anika","Saturday 08:30-11:00 | 426 - Computer Lab","426 - Computer Lab"
"CSE 2216","Data Structure and Algorithms I Laboratory","B","Md. Mushfiqul Haque Omi","Saturday 11:11-13:40 | 426 - Computer Lab","426 - Computer Lab"
"CSE 2216","Data Structure and Algorithms I Laboratory","C","Sherajul Arifin","Saturday 14:00-16:30 | 422 - Computer Lab","422 - Computer Lab"
"CSE 2216","Data Structure and Algorithms I Laboratory","D","Didarul Islam Didar","Saturday 08:30-11:00 | 427 - Computer Lab","427 - Computer Lab"
"CSE 2216","Data Structure and Algorithms I Laboratory","E","Md. Sajjad Hossain","Saturday 11:11-13:40 | 522 - Computer Lab","522 - Computer Lab"
"CSE 2216","Data Structure and Algorithms I Laboratory","F","Farhan Anan Himu","Saturday 14:00-16:30 | 423 - Computer Lab","423 - Computer Lab"
"CSE 2216","Data Structure and Algorithms I Laboratory","G","Saqif Kaisar","Sunday 08:30-11:00 | 327 - Computer Lab","327 - Computer Lab"
"CSE 2216","Data Structure and Algorithms I Laboratory","H","Syed Samin Sadaf","Sunday 11:11-13:40 | 422 - Computer Lab","422 - Computer Lab"
"CSE 2216","Data Structure and Algorithms I Laboratory","J","Md. Shadman Aadeeb","Sunday 08:30-11:00 | 422 - Computer Lab","422 - Computer Lab"
"CSE 2216","Data Structure and Algorithms I Laboratory","K","Asif Ahmed Utsa","Sunday 11:11-13:40 | 423 - Computer Lab","423 - Computer Lab"
"CSE 2216","Data Structure and Algorithms I Laboratory","L","Hafijul Hoque Chowdhury","Sunday 14:00-16:30 | 327 - Computer Lab","327 - Computer Lab"
"CSE 2216","Data Structure and Algorithms I Laboratory","M","Sahid Hossain Mustakim","Tuesday 08:30-11:00 | 424 - Computer Lab","424 - Computer Lab"
"CSE 2216","Data Structure and Algorithms I Laboratory","N","Sherajul Arifin","Tuesday 11:11-13:40 | 423 - Computer Lab","423 - Computer Lab"
"CSE 2216","Data Structure and Algorithms I Laboratory","O","TBA","Saturday 08:30-11:00 | 529 - Computer Lab","529 - Computer Lab"
"CSE 2216","Data Structure and Algorithms I Laboratory","P","Md. Sajjad Hossain","Tuesday 08:30-11:00 | 426 - Computer Lab","426 - Computer Lab"
"CSE 2216","Data Structure and Algorithms I Laboratory","Q","Md. Mushfiqul Haque Omi","Tuesday 11:11-13:40 | 424 - Computer Lab","424 - Computer Lab"
"CSE 2216","Data Structure and Algorithms I Laboratory","R","Sahid Hossain Mustakim","Tuesday 14:00-16:30 | 424 - Computer Lab","424 - Computer Lab"
"CSE 2216","Data Structure and Algorithms I Laboratory","S","Saqif Kaisar","Wednesday 08:30-11:00 | 327 - Computer Lab","327 - Computer Lab"
"CSE 2216","Data Structure and Algorithms I Laboratory","T","Syed Samin Sadaf","Wednesday 11:11-13:40 | 423 - Computer Lab","423 - Computer Lab"
"CSE 2216","Data Structure and Algorithms I Laboratory","U","Md. Shadman Aadeeb","Wednesday 14:00-16:30 | 423 - Computer Lab","423 - Computer Lab"
"CSE 2216","Data Structure and Algorithms I Laboratory","V","Md. Muhaiminul Islam Nafi","Wednesday 08:30-11:00 | 422 - Computer Lab","422 - Computer Lab"
"CSE 2216","Data Structure and Algorithms I Laboratory","W","Asif Ahmed Utsa","Wednesday 11:11-13:40 | 424 - Computer Lab","424 - Computer Lab"
"CSE 2216","Data Structure and Algorithms I Laboratory","X","Hafijul Hoque Chowdhury","Wednesday 14:00-16:30 | 424 - Computer Lab","424 - Computer Lab"
"CSE 2216","Data Structure and Algorithms I Laboratory","Y","Md. Siam","Saturday 11:11-13:40 | 927 - Computer Lab","927 - Computer Lab"
"CSE 2217","Data Structure and Algorithms II","A","Siana Rizwan","Saturday 08:30-09:50 | Tuesday 08:30-09:50 | 322","322"
"CSE 2217","Data Structure and Algorithms II","B","Raiyan Janik Monir","Saturday 09:51-11:10 | Tuesday 09:51-11:10 | 322","322"
"CSE 2217","Data Structure and Algorithms II","C","Tahmid Mosaddeque","Saturday 11:11-12:30 | Tuesday 11:11-12:30 | 401","401"
"CSE 2217","Data Structure and Algorithms II","D","Md. Tarek Hasan","Saturday 12:31-13:50 | Tuesday 12:31-13:50 | 309","309"
"CSE 2217","Data Structure and Algorithms II","E","Jerin Hasan Priya","Saturday 13:51-15:10 | Tuesday 13:51-15:10 | 305","305"
"CSE 2217","Data Structure and Algorithms II","F","Md. Zunaid-Ul-Alam","Saturday 08:30-09:50 | Tuesday 08:30-09:50 | 323","323"
"CSE 2217","Data Structure and Algorithms II","G","Tahia Hossain","Saturday 09:51-11:10 | Tuesday 09:51-11:10 | 323","323"
"CSE 2217","Data Structure and Algorithms II","H","Abu Bakar Fahad","Saturday 11:11-12:30 | Tuesday 11:11-12:30 | 324","324"
"CSE 2217","Data Structure and Algorithms II","I","Raiyan Janik Monir","Saturday 12:31-13:50 | Tuesday 12:31-13:50 | 322","322"
"CSE 2217","Data Structure and Algorithms II","J","Md. Zunaid-Ul-Alam","Saturday 13:51-15:10 | Tuesday 13:51-15:10 | 306","306"
"CSE 2217","Data Structure and Algorithms II","K","Umama Rahman","Sunday 08:30-09:50 | Wednesday 08:30-09:50 | 322","322"
"CSE 2217","Data Structure and Algorithms II","L","Md. Tarek Hasan","Sunday 09:51-11:10 | Wednesday 09:51-11:10 | 307","307"
"CSE 2217","Data Structure and Algorithms II","M","Siana Rizwan","Sunday 11:11-12:30 | Wednesday 11:11-12:30 | 308","308"
"CSE 2217","Data Structure and Algorithms II","N","TBA","Sunday 12:31-13:50 | Wednesday 12:31-13:50 | 308","308"
"CSE 2217","Data Structure and Algorithms II","O","Jerin Hasan Priya","Sunday 13:51-15:10 | Wednesday 13:51-15:10 | 322","322"
"CSE 2217","Data Structure and Algorithms II","P","Md. Zunaid-Ul-Alam","Sunday 15:11-16:30 | Wednesday 15:11-16:30 | 322","322"
"CSE 2217","Data Structure and Algorithms II","Q","Samin Sharaf Somik","Sunday 11:11-12:30 | Wednesday 11:11-12:30 | 309","309"
"CSE 2217","Data Structure and Algorithms II","R","TBA","Sunday 12:31-13:50 | Wednesday 12:31-13:50 | 309","309"
"CSE 2217","Data Structure and Algorithms II","S","Umama Rahman","Sunday 13:51-15:10 | Wednesday 13:51-15:10 | 323","323"
"CSE 2217","Data Structure and Algorithms II","T","Tahia Hossain","Sunday 15:11-16:30 | Wednesday 15:11-16:30 | 323","323"
"CSE 2218","Data Structure and Algorithms II Laboratory","A","Tasmia Binte Sogir","Saturday 08:30-11:00 | 522 - Computer Lab","522 - Computer Lab"
"CSE 2218","Data Structure and Algorithms II Laboratory","B","Humaira Anzum Neha","Saturday 11:11-13:40 | 326 - Computer Lab","326 - Computer Lab"
"CSE 2218","Data Structure and Algorithms II Laboratory","C","Umama Rahman","Saturday 14:00-16:30 | 424 - Computer Lab","424 - Computer Lab"
"CSE 2218","Data Structure and Algorithms II Laboratory","D","Pranta Biswas","Saturday 14:00-16:30 | 426 - Computer Lab","426 - Computer Lab"
"CSE 2218","Data Structure and Algorithms II Laboratory","E","Sayem Shahad","Saturday 11:11-13:40 | 528 - Computer Lab","528 - Computer Lab"
"CSE 2218","Data Structure and Algorithms II Laboratory","F","Nusaiba Zaman Manifa","Saturday 14:00-16:30 | 427 - Computer Lab","427 - Computer Lab"
"CSE 2218","Data Structure and Algorithms II Laboratory","G","Tahmid Mosaddeque","Sunday 08:30-11:00 | 423 - Computer Lab","423 - Computer Lab"
"CSE 2218","Data Structure and Algorithms II Laboratory","H","Tasmia Binte Sogir","Sunday 11:11-13:40 | 424 - Computer Lab","424 - Computer Lab"
"CSE 2218","Data Structure and Algorithms II Laboratory","I","Rizvan Jawad Ruhan","Sunday 14:00-16:30 | 422 - Computer Lab","422 - Computer Lab"
"CSE 2218","Data Structure and Algorithms II Laboratory","J","Md. Zunaid-Ul-Alam","Sunday 08:30-11:00 | 424 - Computer Lab","424 - Computer Lab"
"CSE 2218","Data Structure and Algorithms II Laboratory","K","Iftekharul Abedeen","Sunday 11:11-13:40 | 426 - Computer Lab","426 - Computer Lab"
"CSE 2218","Data Structure and Algorithms II Laboratory","M","Humaira Anzum Neha","Tuesday 08:30-11:00 | 522 - Computer Lab","522 - Computer Lab"
"CSE 2218","Data Structure and Algorithms II Laboratory","N","Sayem Shahad","Tuesday 11:11-13:40 | 427 - Computer Lab","427 - Computer Lab"
"CSE 2218","Data Structure and Algorithms II Laboratory","O","Umama Rahman","Tuesday 14:00-16:30 | 727 - Computer Lab","727 - Computer Lab"
"CSE 2218","Data Structure and Algorithms II Laboratory","P","Md. Enamul Haque","Tuesday 08:30-11:00 | 528 - Computer Lab","528 - Computer Lab"
"CSE 2218","Data Structure and Algorithms II Laboratory","Q","Nusaiba Zaman Manifa","Tuesday 11:11-13:40 | 426 - Computer Lab","426 - Computer Lab"
"CSE 2218","Data Structure and Algorithms II Laboratory","S","Tahmid Mosaddeque","Wednesday 08:30-11:00 | 423 - Computer Lab","423 - Computer Lab"
"CSE 2218","Data Structure and Algorithms II Laboratory","T","Jerin Hasan Priya","Wednesday 11:11-13:40 | 826 - Computer Lab","826 - Computer Lab"
"CSE 2218","Data Structure and Algorithms II Laboratory","U","Iftekharul Abedeen","Wednesday 14:00-16:30 | 522 - Computer Lab","522 - Computer Lab"
"CSE 2218","Data Structure and Algorithms II Laboratory","V","Md. Zunaid-Ul-Alam","Wednesday 08:30-11:00 | 424 - Computer Lab","424 - Computer Lab"
"CSE 2218","Data Structure and Algorithms II Laboratory","W","TBA","Wednesday 11:11-13:40 | 427 - Computer Lab","427 - Computer Lab"
"CSE 2218","Data Structure and Algorithms II Laboratory","X","Pranta Biswas","Wednesday 14:00-16:30 | 523 - Computer Lab","523 - Computer Lab"
"CSE 2218","Data Structure and Algorithms II Laboratory","Y","A.H.M. Osama Haque","Wednesday 11:11-13:40 | 522 - Computer Lab","522 - Computer Lab"
"CSE 2233","Theory of Computation","A","Asif Ahmed Utsa","Saturday 08:30-09:50 | Tuesday 08:30-09:50 | 324","324"
"CSE 2233","Theory of Computation","B","Rakibul Hasan Rafi","Saturday 11:11-12:30 | Tuesday 11:11-12:30 | 325","325"
"CSE 2233","Theory of Computation","C","Asif Ahmed Utsa","Saturday 13:51-15:10 | Tuesday 13:51-15:10 | 307","307"
"CSE 2233","Theory of Computation","D","Asif Ahmed Utsa","Sunday 09:51-11:10 | Wednesday 09:51-11:10 | 308","308"
"CSE 2233","Theory of Computation","E","Sidratul Tanzila Tasmi","Sunday 11:11-12:30 | Wednesday 11:11-12:30 | 322","322"
"CSE 2233","Theory of Computation","F","Rakibul Hasan Rafi","Sunday 15:11-16:30 | Wednesday 15:11-16:30 | 324","324"
"CSE 3411","System Analysis and Design","A","Tasmin Sanjida","Saturday 08:30-09:50 | Tuesday 08:30-09:50 | 325","325"
"CSE 3411","System Analysis and Design","B","Farhan Anan Himu","Saturday 09:51-11:10 | Tuesday 09:51-11:10 | 325","325"
"CSE 3411","System Analysis and Design","C","Tasmin Sanjida","Saturday 11:11-12:30 | Tuesday 11:11-12:30 | 402","402"
"CSE 3411","System Analysis and Design","D","Farhan Anan Himu","Saturday 12:31-13:50 | Tuesday 12:31-13:50 | 324","324"
"CSE 3411","System Analysis and Design","E","Tasmin Sanjida","Saturday 13:51-15:10 | Tuesday 13:51-15:10 | 322","322"
"CSE 3411","System Analysis and Design","F","Tasmin Sanjida","Sunday 08:30-09:50 | Wednesday 08:30-09:50 | 323","323"
"CSE 3411","System Analysis and Design","G","Md. Romizul Islam","Sunday 09:51-11:10 | Wednesday 09:51-11:10 | 322","322"
"CSE 3411","System Analysis and Design","H","Sidratul Muntaha","Sunday 11:11-12:30 | Wednesday 11:11-12:30 | 324","324"
"CSE 3411","System Analysis and Design","I","Suman Ahmmed","Sunday 12:31-13:50 | Wednesday 12:31-13:50 | 323","323"
"CSE 3411","System Analysis and Design","J","Tahsin Wahid","Sunday 13:51-15:10 | Wednesday 13:51-15:10 | 325","325"
"CSE 3411","System Analysis and Design","K","Sidratul Muntaha","Sunday 15:11-16:30 | Wednesday 15:11-16:30 | 402","402"
"CSE 3411","System Analysis and Design","L","Tahsin Wahid","Sunday 15:11-16:30 | Wednesday 15:11-16:30 | 403","403"
"CSE 3412","System Analysis and Design Laboratory","A","Md. Mainul Islam","Saturday 08:30-11:00 | 523 - Computer Lab","523 - Computer Lab"
"CSE 3412","System Analysis and Design Laboratory","B","K M Faizullah Fuhad","Saturday 11:11-13:40 | 529 - Computer Lab","529 - Computer Lab"
"CSE 3412","System Analysis and Design Laboratory","C","Mohammed Jawwadul Islam","Saturday 11:11-13:40 | 530 - Computer Lab","530 - Computer Lab"
"CSE 3412","System Analysis and Design Laboratory","D","Shahriar Mahmud","Sunday 11:11-13:40 | 530 - Computer Lab","530 - Computer Lab"
"CSE 3412","System Analysis and Design Laboratory","E","Tasmin Sanjida","Sunday 14:00-16:30 | 529 - Computer Lab","529 - Computer Lab"
"CSE 3412","System Analysis and Design Laboratory","F","Sidratul Muntaha","Saturday 14:00-16:30 | 522 - Computer Lab","522 - Computer Lab"
"CSE 3412","System Analysis and Design Laboratory","G","Tahsin Wahid","Saturday 14:00-16:30 | 523 - Computer Lab","523 - Computer Lab"
"CSE 3412","System Analysis and Design Laboratory","H","TBA","Tuesday 08:30-11:00 | 523 - Computer Lab","523 - Computer Lab"
"CSE 3412","System Analysis and Design Laboratory","J","Sidratul Muntaha","Tuesday 14:00-16:30 | 522 - Computer Lab","522 - Computer Lab"
"CSE 3412","System Analysis and Design Laboratory","K","Md. Enamul Haque","Saturday 14:00-16:30 | 528 - Computer Lab","528 - Computer Lab"
"CSE 3412","System Analysis and Design Laboratory","L","Tahsin Wahid","Tuesday 14:00-16:30 | 523 - Computer Lab","523 - Computer Lab"
"CSE 3412","System Analysis and Design Laboratory","M","S M Jishanul Islam","Wednesday 08:30-11:00 | 426 - Computer Lab","426 - Computer Lab"
"CSE 3412","System Analysis and Design Laboratory","N","Shahriar Mahmud","Wednesday 11:11-13:40 | 523 - Computer Lab","523 - Computer Lab"
"CSE 3412","System Analysis and Design Laboratory","O","Tasmin Sanjida","Wednesday 14:00-16:30 | 528 - Computer Lab","528 - Computer Lab"
"CSE 3412","System Analysis and Design Laboratory","P","Siana Rizwan","Wednesday 08:30-11:00 | 427 - Computer Lab","427 - Computer Lab"
"CSE 3412","System Analysis and Design Laboratory","Q","Rizvan Jawad Ruhan","Wednesday 11:11-13:40 | 528 - Computer Lab","528 - Computer Lab"
"CSE 3421","Software Engineering","A","Syed Abu Ammar Muhammad Zarif","Saturday 08:30-09:50 | Tuesday 08:30-09:50 | 401","401"
"CSE 3421","Software Engineering","B","Samin Sharaf Somik","Saturday 11:11-12:30 | Tuesday 11:11-12:30 | 403","403"
"CSE 3421","Software Engineering","C","Syed Abu Ammar Muhammad Zarif","Saturday 12:31-13:50 | Tuesday 12:31-13:50 | 325","325"
"CSE 3421","Software Engineering","D","Samin Sharaf Somik","Saturday 13:51-15:10 | Tuesday 13:51-15:10 | 323","323"
"CSE 3421","Software Engineering","E","Samin Sharaf Somik","Sunday 08:30-09:50 | Wednesday 08:30-09:50 | 324","324"
"CSE 3421","Software Engineering","F","Sajid Ahmed Chowdhury","Sunday 09:51-11:10 | Wednesday 09:51-11:10 | 323","323"
"CSE 3421","Software Engineering","G","Md. Benzir Ahmed","Sunday 11:11-12:30 | Wednesday 11:11-12:30 | 325","325"
"CSE 3421","Software Engineering","H","TBA","Sunday 12:31-13:50 | Wednesday 12:31-13:50 | 324","324"
"CSE 3421","Software Engineering","I","Md. Benzir Ahmed","Sunday 13:51-15:10 | Wednesday 13:51-15:10 | 401","401"
"CSE 3421","Software Engineering","J","S M Jishanul Islam","Sunday 15:11-16:30 | Wednesday 15:11-16:30 | 404","404"
"CSE 3421","Software Engineering","K","Md. Muhaiminul Islam Nafi","Saturday 09:51-11:10 | Tuesday 09:51-11:10 | 401","401"
"CSE 3422","Software Engineering Laboratory","A","TBA","Saturday 08:30-11:00 | 528 - Computer Lab","528 - Computer Lab"
"CSE 3422","Software Engineering Laboratory","B","Saifullah Mahbub","Saturday 11:11-13:40 | 532 - Computer Lab","532 - Computer Lab"
"CSE 3422","Software Engineering Laboratory","C","Md. Muhaiminul Islam Nafi","Saturday 14:00-16:30 | 529 - Computer Lab","529 - Computer Lab"
"CSE 3422","Software Engineering Laboratory","D","Sajid Ahmed Chowdhury","Saturday 11:11-13:40 | 626 - Computer Lab","626 - Computer Lab"
"CSE 3422","Software Engineering Laboratory","E","Syed Abu Ammar Muhammad Zarif","Sunday 08:30-11:00 | 426 - Computer Lab","426 - Computer Lab"
"CSE 3422","Software Engineering Laboratory","F","Sajjad Ahmed","Sunday 11:11-13:40 | 532 - Computer Lab","532 - Computer Lab"
"CSE 3422","Software Engineering Laboratory","G","Samin Sharaf Somik","Sunday 14:00-16:30 | 530 - Computer Lab","530 - Computer Lab"
"CSE 3422","Software Engineering Laboratory","H","Abrar Mahmud","Sunday 08:30-11:00 | 427 - Computer Lab","427 - Computer Lab"
"CSE 3422","Software Engineering Laboratory","I","Sabber Ahmed","Tuesday 08:30-11:00 | 529 - Computer Lab","529 - Computer Lab"
"CSE 3422","Software Engineering Laboratory","J","Sajid Ahmed Chowdhury","Tuesday 11:11-13:40 | 522 - Computer Lab","522 - Computer Lab"
"CSE 3422","Software Engineering Laboratory","K","TBA","Tuesday 14:00-16:30 | 528 - Computer Lab","528 - Computer Lab"
"CSE 3422","Software Engineering Laboratory","M","Abrar Mahmud","Wednesday 08:30-11:00 | 522 - Computer Lab","522 - Computer Lab"
"CSE 3422","Software Engineering Laboratory","N","TBA","Wednesday 11:11-13:40 | 529 - Computer Lab","529 - Computer Lab"
"CSE 3422","Software Engineering Laboratory","O","Samin Sharaf Somik","Wednesday 14:00-16:30 | 529 - Computer Lab","529 - Computer Lab"
"CSE 4531","Computer Security","A","Azizur Rahman Anik","Saturday 09:51-11:10 | Tuesday 09:51-11:10 | 407","407"
"CSE 4531","Computer Security","B","Azizur Rahman Anik","Saturday 11:11-12:30 | Tuesday 11:11-12:30 | 728","728"
"CSE 4531","Computer Security","C","Muhammad Nomani Kabir","Saturday 12:31-13:50 | Tuesday 12:31-13:50 | 425","425"
"CSE 4531","Computer Security","D","A.K.M. Muzahidul Islam","Sunday 08:30-09:50 | Wednesday 08:30-09:50 | 409","409"
"CSE 4531","Computer Security","E","Md. Shohrab Hossain","Sunday 09:51-11:10 | Wednesday 09:51-11:10 | 404","404"
"CSE 4531","Computer Security","F","Md. Shohrab Hossain","Sunday 11:11-12:30 | Wednesday 11:11-12:30 | 409","409"
"CSE 4531","Computer Security","G","Md. Shohrab Hossain","Sunday 13:51-15:10 | Wednesday 13:51-15:10 | 410","410"
"CSE 3521","Database Management Systems","A","Tanmoy Bipro Das","Saturday 08:30-09:50 | Tuesday 08:30-09:50 | 402","402"
"CSE 3521","Database Management Systems","B","Anindya Hoque","Saturday 09:51-11:10 | Tuesday 09:51-11:10 | 402","402"
"CSE 3521","Database Management Systems","C","Abrar Mahmud","Saturday 11:11-12:30 | Tuesday 11:11-12:30 | 404","404"
"CSE 3521","Database Management Systems","D","Anindya Hoque","Saturday 12:31-13:50 | Tuesday 12:31-13:50 | 401","401"
"CSE 3521","Database Management Systems","E","Didarul Islam Didar","Saturday 13:51-15:10 | Tuesday 13:51-15:10 | 324","324"
"CSE 3521","Database Management Systems","F","Asif Abrar","Saturday 12:31-13:50 | Tuesday 12:31-13:50 | 402","402"
"CSE 3521","Database Management Systems","G","Abrar Mahmud","Saturday 13:51-15:10 | Tuesday 13:51-15:10 | 325","325"
"CSE 3521","Database Management Systems","H","Didarul Islam Didar","Sunday 08:30-09:50 | Wednesday 08:30-09:50 | 325","325"
"CSE 3521","Database Management Systems","I","TBA","Sunday 09:51-11:10 | Wednesday 09:51-11:10 | 324","324"
"CSE 3521","Database Management Systems","J","Didarul Islam Didar","Sunday 11:11-12:30 | Wednesday 11:11-12:30 | 402","402"
"CSE 3521","Database Management Systems","K","Abrar Mahmud","Sunday 12:31-13:50 | Wednesday 12:31-13:50 | 325","325"
"CSE 3521","Database Management Systems","L","Asif Abrar","Sunday 13:51-15:10 | Wednesday 13:51-15:10 | 402","402"
"CSE 3521","Database Management Systems","M","Sajid Ahmed Chowdhury","Sunday 15:11-16:30 | Wednesday 15:11-16:30 | 407","407"
"CSE 3521","Database Management Systems","N","Md. Shafqat Talukder","Sunday 08:30-09:50 | Wednesday 08:30-09:50 | 401","401"
"CSE 3522","Database Management Systems Laboratory","A","Mohammad Johirul Islam","Saturday 08:30-11:00 | 530 - Computer Lab","530 - Computer Lab"
"CSE 3522","Database Management Systems Laboratory","B","TBA","Saturday 11:11-13:40 | 727 - Computer Lab","727 - Computer Lab"
"CSE 3522","Database Management Systems Laboratory","C","TBA","Saturday 14:00-16:30 | 530 - Computer Lab","530 - Computer Lab"
"CSE 3522","Database Management Systems Laboratory","E","Mohammad Johirul Islam","Saturday 11:11-13:40 | 826 - Computer Lab","826 - Computer Lab"
"CSE 3522","Database Management Systems Laboratory","F","Saifullah Mahbub","Saturday 14:00-16:30 | 626 - Computer Lab","626 - Computer Lab"
"CSE 3522","Database Management Systems Laboratory","G","Asif Abrar","Sunday 08:30-11:00 | 927 - Computer Lab","927 - Computer Lab"
"CSE 3522","Database Management Systems Laboratory","H","Anindya Hoque","Sunday 11:11-13:40 | 427 - Computer Lab","427 - Computer Lab"
"CSE 3522","Database Management Systems Laboratory","I","Tanmoy Bipro Das","Sunday 14:00-16:30 | 424 - Computer Lab","424 - Computer Lab"
"CSE 3522","Database Management Systems Laboratory","J","Didarul Islam Didar","Tuesday 08:30-11:00 | 530 - Computer Lab","530 - Computer Lab"
"CSE 3522","Database Management Systems Laboratory","K","TBA","Tuesday 11:11-13:40 | 523 - Computer Lab","523 - Computer Lab"
"CSE 3522","Database Management Systems Laboratory","L","Mahmudul Hasan","Tuesday 14:00-16:30 | 530 - Computer Lab","530 - Computer Lab"
"CSE 3522","Database Management Systems Laboratory","M","Asif Abrar","Wednesday 08:30-11:00 | 523 - Computer Lab","523 - Computer Lab"
"CSE 3522","Database Management Systems Laboratory","N","Anindya Hoque","Wednesday 11:11-13:40 | 530 - Computer Lab","530 - Computer Lab"
"CSE 3522","Database Management Systems Laboratory","O","Tanmoy Bipro Das","Wednesday 14:00-16:30 | 530 - Computer Lab","530 - Computer Lab"
"CSE 3522","Database Management Systems Laboratory","P","Sabber Ahmed","Wednesday 08:30-11:00 | 528 - Computer Lab","528 - Computer Lab"
"CSE 4509","Operating Systems","A","Nahin F. Siddiqui","Saturday 08:30-09:50 | Tuesday 08:30-09:50 | 428","428"
"CSE 4509","Operating Systems","B","Nahin F. Siddiqui","Saturday 12:31-13:50 | Tuesday 12:31-13:50 | 407","407"
"CSE 4509","Operating Systems","C","Rakib Ahsan","Saturday 13:51-15:10 | Tuesday 13:51-15:10 | 425","425"
"CSE 4509","Operating Systems","E","Md. Siam","Sunday 08:30-09:50 | Wednesday 08:30-09:50 | 408","408"
"CSE 4509","Operating Systems","F","Md. Siam","Sunday 11:11-12:30 | Wednesday 11:11-12:30 | 408","408"
"CSE 4509","Operating Systems","G","Md. Siam","Sunday 13:51-15:10 | Wednesday 13:51-15:10 | 409","409"
"CSE 4509","Operating Systems","H","Md. Sajjad Hossain","Sunday 15:11-16:30 | Wednesday 15:11-16:30 | 428","428"
"CSE 4510","Operating Systems Laboratory","A","Sabah Ahmed","Saturday 14:00-16:30 | 926 - Computer Lab","926 - Computer Lab"
"CSE 4510","Operating Systems Laboratory","B","Nahin F. Siddiqui","Sunday 08:30-11:00 | 926 - Computer Lab","926 - Computer Lab"
"CSE 4510","Operating Systems Laboratory","C","Rakib Ahsan","Sunday 14:00-16:30 | 927 - Computer Lab","927 - Computer Lab"
"CSE 4510","Operating Systems Laboratory","D","Sabah Ahmed","Tuesday 08:30-11:00 | 927 - Computer Lab","927 - Computer Lab"
"CSE 4510","Operating Systems Laboratory","E","Rakib Ahsan","Tuesday 11:11-13:40 | 627 - Computer Lab","627 - Computer Lab"
"CSE 4510","Operating Systems Laboratory","F","Md. Siam","Tuesday 14:00-16:30 | 627 - Computer Lab","627 - Computer Lab"
"CSE 4510","Operating Systems Laboratory","G","Nahin F. Siddiqui","Wednesday 08:30-11:00 | 827 - Computer Lab","827 - Computer Lab"
"CSE 4510","Operating Systems Laboratory","H","TBA","Wednesday 11:11-13:40 | 926 - Computer Lab","926 - Computer Lab"
"CSE 4510","Operating Systems Laboratory","I","Azizur Rahman Anik","Wednesday 14:00-16:30 | 927 - Computer Lab","927 - Computer Lab"
"CSE 3711","Computer Networks","A","Al-Sakib Khan Pathan","Saturday 08:30-09:50 | Tuesday 08:30-09:50 | 403","403"
"CSE 3711","Computer Networks","B","Muhammad Nomani Kabir","Saturday 09:51-11:10 | Tuesday 09:51-11:10 | 403","403"
"CSE 3711","Computer Networks","C","Al-Sakib Khan Pathan","Saturday 11:11-12:30 | Tuesday 11:11-12:30 | 407","407"
"CSE 3711","Computer Networks","D","Abdullah Ibne Masud Mahi","Saturday 12:31-13:50 | Tuesday 12:31-13:50 | 403","403"
"CSE 3711","Computer Networks","E","Abdullah Ibne Masud Mahi","Saturday 13:51-15:10 | Tuesday 13:51-15:10 | 401","401"
"CSE 3711","Computer Networks","F","Md. Muhyminul Haque","Sunday 08:30-09:50 | Wednesday 08:30-09:50 | 402","402"
"CSE 3711","Computer Networks","G","Abu Bakar Fahad","Sunday 09:51-11:10 | Wednesday 09:51-11:10 | 325","325"
"CSE 3711","Computer Networks","H","A.K.M. Muzahidul Islam","Sunday 11:11-12:30 | Wednesday 11:11-12:30 | 403","403"
"CSE 3711","Computer Networks","I","Abdullah Ibne Masud Mahi","Sunday 12:31-13:50 | Wednesday 12:31-13:50 | 401","401"
"CSE 3711","Computer Networks","J","Mohammad Mamun Elahi","Sunday 13:51-15:10 | Wednesday 13:51-15:10 | 403","403"
"CSE 3711","Computer Networks","K","Mohammad Mamun Elahi","Sunday 15:11-16:30 | Wednesday 15:11-16:30 | 408","408"
"CSE 3712","Computer Networks Laboratory","A","Abdullah Ibne Masud Mahi","Sunday 08:30-11:00 | 523 - Computer Lab","523 - Computer Lab"
"CSE 3712","Computer Networks Laboratory","B","Abu Bakar Fahad","Sunday 11:11-13:40 | 626 - Computer Lab","626 - Computer Lab"
"CSE 3712","Computer Networks Laboratory","C","Md. Muhyminul Haque","Sunday 14:00-16:30 | 626 - Computer Lab","626 - Computer Lab"
"CSE 3712","Computer Networks Laboratory","D","Tahia Hossain","Sunday 08:30-11:00 | 528 - Computer Lab","528 - Computer Lab"
"CSE 3712","Computer Networks Laboratory","E","Abu Bakar Fahad","Tuesday 08:30-11:00 | 626 - Computer Lab","626 - Computer Lab"
"CSE 3712","Computer Networks Laboratory","F","Tahia Hossain","Tuesday 11:11-13:40 | 528 - Computer Lab","528 - Computer Lab"
"CSE 3712","Computer Networks Laboratory","G","Abu Bakar Fahad","Tuesday 14:00-16:30 | 626 - Computer Lab","626 - Computer Lab"
"CSE 3712","Computer Networks Laboratory","H","Md. Enamul Haque","Tuesday 11:11-13:40 | 529 - Computer Lab","529 - Computer Lab"
"CSE 3712","Computer Networks Laboratory","I","Abdullah Ibne Masud Mahi","Wednesday 08:30-11:00 | 529 - Computer Lab","529 - Computer Lab"
"CSE 3712","Computer Networks Laboratory","J","Md. Muhyminul Haque","Wednesday 11:11-13:40 | 532 - Computer Lab","532 - Computer Lab"
"CSE 3712","Computer Networks Laboratory","K","Abu Bakar Fahad","Wednesday 14:00-16:30 | 626 - Computer Lab","626 - Computer Lab"
"CSE 3712","Computer Networks Laboratory","L","Tahia Hossain","Wednesday 08:30-11:00 | 530 - Computer Lab","530 - Computer Lab"
"CSE 3811","Artificial Intelligence","A","Nahid Ferdous Aurna","Saturday 08:30-09:50 | Tuesday 08:30-09:50 | 404","404"
"CSE 3811","Artificial Intelligence","B","Shihab Ahmed","Saturday 09:51-11:10 | Tuesday 09:51-11:10 | 404","404"
"CSE 3811","Artificial Intelligence","C","Shekh. Md. Saifur Rahman","Saturday 08:30-09:50 | Tuesday 08:30-09:50 | 407","407"
"CSE 3811","Artificial Intelligence","D","Nahid Ferdous Aurna","Saturday 11:11-12:30 | Tuesday 11:11-12:30 | 425","425"
"CSE 3811","Artificial Intelligence","E","A.H.M. Osama Haque","Saturday 13:51-15:10 | Tuesday 13:51-15:10 | 402","402"
"CSE 3811","Artificial Intelligence","F","Nahid Ferdous Aurna","Sunday 15:11-16:30 | Wednesday 15:11-16:30 | 409","409"
"CSE 3811","Artificial Intelligence","G","Fairoz Anika","Sunday 12:31-13:50 | Wednesday 12:31-13:50 | 402","402"
"CSE 3811","Artificial Intelligence","H","Nahid Ferdous Aurna","Sunday 13:51-15:10 | Wednesday 13:51-15:10 | 404","404"
"CSE 3811","Artificial Intelligence","I","Shekh. Md. Saifur Rahman","Sunday 08:30-09:50 | Wednesday 08:30-09:50 | 403","403"
"CSE 3811","Artificial Intelligence","J","Fairoz Anika","Sunday 09:51-11:10 | Wednesday 09:51-11:10 | 401","401"
"CSE 3812","Artificial Intelligence Laboratory","A","TBA","Saturday 08:30-11:00 | 727 - Computer Lab","727 - Computer Lab"
"CSE 3812","Artificial Intelligence Laboratory","B","Sahid Hossain Mustakim","Saturday 11:11-13:40 | 827 - Computer Lab","827 - Computer Lab"
"CSE 3812","Artificial Intelligence Laboratory","C","Md. Tanvir Raihan","Saturday 14:00-16:30 | 727 - Computer Lab","727 - Computer Lab"
"CSE 3812","Artificial Intelligence Laboratory","D","Siana Rizwan","Sunday 08:30-11:00 | 529 - Computer Lab","529 - Computer Lab"
"CSE 3812","Artificial Intelligence Laboratory","E","A.H.M. Osama Haque","Sunday 11:11-13:40 | 727 - Computer Lab","727 - Computer Lab"
"CSE 3812","Artificial Intelligence Laboratory","F","Khandokar Md. Rahat Hossain","Sunday 14:00-16:30 | 727 - Computer Lab","727 - Computer Lab"
"CSE 3812","Artificial Intelligence Laboratory","G","Fairoz Anika","Tuesday 08:30-11:00 | 727 - Computer Lab","727 - Computer Lab"
"CSE 3812","Artificial Intelligence Laboratory","H","TBA","Tuesday 11:11-13:40 | 530 - Computer Lab","530 - Computer Lab"
"CSE 3812","Artificial Intelligence Laboratory","I","Md. Tanvir Raihan","Tuesday 14:00-16:30 | 827 - Computer Lab","827 - Computer Lab"
"CSE 3812","Artificial Intelligence Laboratory","J","Raiyan Janik Monir","Wednesday 08:30-11:00 | 626 - Computer Lab","626 - Computer Lab"
"CSE 3812","Artificial Intelligence Laboratory","K","Khandokar Md. Rahat Hossain","Wednesday 11:11-13:40 | 626 - Computer Lab","626 - Computer Lab"
"CSE 3812","Artificial Intelligence Laboratory","L","Raiyan Janik Monir","Wednesday 14:00-16:30 | 727 - Computer Lab","727 - Computer Lab"
"CSE 3812","Artificial Intelligence Laboratory","M","Jerin Hasan Priya","Sunday 08:30-11:00 | 530 - Computer Lab","530 - Computer Lab"
"CSE 4611","Compiler Design","A","Nabila Sabrin Sworna","Saturday 08:30-09:50 | Tuesday 08:30-09:50 | 429","429"
"CSE 4611","Compiler Design","B","Nabila Sabrin Sworna","Sunday 08:30-09:50 | Wednesday 08:30-09:50 | 410","410"
"CSE 4783","Cryptography","A","Azizur Rahman Anik","Saturday 13:51-15:10 | Tuesday 13:51-15:10 | 330","330"
"CSE 4777","Networks Security","A","Arnab Bhattacharjee","Saturday 13:51-15:10 | Tuesday 13:51-15:10 | 428","428"
"CSE 4587","Cloud Computing","A","Jannatun Noor Mukta","Sunday 14:00-16:30 | 326 - Computer Lab","326 - Computer Lab"
"CSE 4889","Machine Learning","A","Sadia Islam","Saturday 08:30-09:50 | Tuesday 08:30-09:50 | 431","431"
"CSE 4889","Machine Learning","B","Md. Mushfiqul Haque Omi","Sunday 08:30-09:50 | Wednesday 08:30-09:50 | 425","425"
"CSE 4889","Machine Learning","C","Md. Mushfiqul Haque Omi","Sunday 15:11-16:30 | Wednesday 15:11-16:30 | 429","429"
"CSE 4889","Machine Learning","D","Sadia Islam","Saturday 13:51-15:10 | Tuesday 13:51-15:10 | 431","431"
"CSE 4889","Machine Learning","E","Ohidujjaman","Saturday 12:31-13:50 | Tuesday 12:31-13:50 | 428","428"
"CSE 4889","Machine Learning","F","Md. Mushfiqul Haque Omi","Sunday 13:51-15:10 | Wednesday 13:51-15:10 | 428","428"
"CSE 4889","Machine Learning","G","Sadia Islam","Sunday 11:11-12:30 | Wednesday 11:11-12:30 | 425","425"
"CSE 4891","Data Mining","A","Hafijul Hoque Chowdhury","Saturday 11:11-12:30 | Tuesday 11:11-12:30 | 730","730"
"CSE 4891","Data Mining","B","Ohidujjaman","Saturday 09:51-11:10 | Tuesday 09:51-11:10 | 428","428"
"CSE 4891","Data Mining","C","Hafijul Hoque Chowdhury","Saturday 13:51-15:10 | Tuesday 13:51-15:10 | 432","432"
"CSE 4891","Data Mining","D","Hafijul Hoque Chowdhury","Sunday 09:51-11:10 | Wednesday 09:51-11:10 | 407","407"
"CSE 4891","Data Mining","E","Humaira Anzum Neha","Sunday 11:11-12:30 | Wednesday 11:11-12:30 | 428","428"
"CSE 4891","Data Mining","F","Ohidujjaman","Sunday 12:31-13:50 | Wednesday 12:31-13:50 | 407","407"
"CSE 4893","Introduction to Bioinformatics","A","Riasat Azim","Saturday 12:31-13:50 | Tuesday 12:31-13:50 | 330","330"
"CSE 4883","Digital Image Processing","A","Md. Tanvir Raihan","Saturday 11:11-12:30 | Tuesday 11:11-12:30 | 729","729"
"CSE 4883","Digital Image Processing","B","Mir Moynuddin Ahmed Shibly","Saturday 09:51-11:10 | Tuesday 09:51-11:10 | 425","425"
"CSE 4883","Digital Image Processing","C","Mir Moynuddin Ahmed Shibly","Saturday 13:51-15:10 | Tuesday 13:51-15:10 | 429","429"
"CSE 4883","Digital Image Processing","D","Md. Tanvir Raihan","Sunday 11:11-12:30 | Wednesday 11:11-12:30 | 410","410"
"CSE 4883","Digital Image Processing","E","Mir Moynuddin Ahmed Shibly","Sunday 12:31-13:50 | Wednesday 12:31-13:50 | 404","404"
"CSE 4883","Digital Image Processing","F","Md. Tanvir Raihan","Sunday 13:51-15:10 | Wednesday 13:51-15:10 | 425","425"
"CSE 4451","Human Computer Interaction","A","Novia Nurain","Wednesday 08:30-11:00 | 729","729"
"CSE 4451","Human Computer Interaction","B","Novia Nurain","Wednesday 11:11-13:40 | 729","729"
"CSE 4451","Human Computer Interaction","C","Md. Sajjad Hossain","Saturday 13:51-15:10 | Tuesday 13:51-15:10 | 404","404"
"CSE 4451","Human Computer Interaction","D","Md. Sajjad Hossain","Sunday 08:30-09:50 | Wednesday 08:30-09:50 | 407","407"
"CSE 4451","Human Computer Interaction","E","Nabila Sabrin Sworna","Sunday 11:11-12:30 | Wednesday 11:11-12:30 | 407","407"
"CSE 4451","Human Computer Interaction","F","Nabila Sabrin Sworna","Sunday 13:51-15:10 | Wednesday 13:51-15:10 | 407","407"
"CSE 4435","Software Architecture","A","Tanmoy Bipro Das","Sunday 09:51-11:10 | Wednesday 09:51-11:10 | 403","403"
"CSE 4435","Software Architecture","B","Tanmoy Bipro Das","Saturday 11:11-12:30 | Tuesday 11:11-12:30 | 429","429"
"CSE 4495","Software Testing and Quality Assurance","A","Mobaswirul Islam","Sunday 13:51-15:10 | Wednesday 13:51-15:10 | 408","408"
"CSE 4495","Software Testing and Quality Assurance","B","Mobaswirul Islam","Saturday 11:11-12:30 | Tuesday 11:11-12:30 | 431","431"
"CSE 4495","Software Testing and Quality Assurance","C","Mobaswirul Islam","Saturday 13:51-15:10 | Tuesday 13:51-15:10 | 407","407"
"CSE 4495","Software Testing and Quality Assurance","D","Mobaswirul Islam","Sunday 15:11-16:30 | Wednesday 15:11-16:30 | 425","425"
"CSE 4945","UI: Concepts and Design","A","Iftekharul Abedeen","Saturday 14:00-16:30 | 927 - Computer Lab","927 - Computer Lab"
"CSE 4945","UI: Concepts and Design","B","Tasmia Binte Sogir","Wednesday 08:30-11:00 | 926 - Computer Lab","926 - Computer Lab"
"CSE 4000A","Final Year Design Project - I","A","Jannatun Noor Mukta","Saturday 08:30-11:00 | 927 - Computer Lab","927 - Computer Lab"
"CSE 4000A","Final Year Design Project - I","B","Ohidujjaman","Sunday 08:30-11:00 | 626 - Computer Lab","626 - Computer Lab"
"CSE 4000A","Final Year Design Project - I","C","Mohammad Nurul Huda","Sunday 11:11-13:40 | 826 - Computer Lab","826 - Computer Lab"
"CSE 4000A","Final Year Design Project - I","D","Md. Motaharul Islam","Saturday 08:30-11:00 | 327 - Computer Lab","327 - Computer Lab"
"CSE 4000A","Final Year Design Project - I","E","A.K.M. Muzahidul Islam","Tuesday 08:30-11:00 | 926 - Computer Lab","926 - Computer Lab"
"CSE 4000A","Final Year Design Project - I","F","Hasan Sarwar","Tuesday 11:11-13:40 | 532 - Computer Lab","532 - Computer Lab"
"CSE 4000A","Final Year Design Project - I","G","Nahid Hossain","Tuesday 14:00-16:30 | 427 - Computer Lab","427 - Computer Lab"
"CSE 4000A","Final Year Design Project - I","H","Al-Sakib Khan Pathan","Wednesday 08:30-11:00 | 727 - Computer Lab","727 - Computer Lab"
"CSE 4000A","Final Year Design Project - I","I","Mohammad Shahriar Rahman","Saturday 11:11-13:40 | 422 - Computer Lab","422 - Computer Lab"
"CSE 4000A","Final Year Design Project - I","J","Riasat Azim","Wednesday 14:00-16:30 | 826 - Computer Lab","826 - Computer Lab"
"CSE 4000B","Final Year Design Project - II","X","TBA","Schedule TBA","TBA"
"CSE 2118","Advanced Object Oriented Programming Laboratory","A","TBA","Saturday 08:30-11:00 | 422 - Computer Lab","422 - Computer Lab"
"CSE 2118","Advanced Object Oriented Programming Laboratory","B","TBA","Saturday 11:11-13:40 | 423 - Computer Lab","423 - Computer Lab"
"CSE 2118","Advanced Object Oriented Programming Laboratory","C","Kazi Abdun Noor","Saturday 14:00-16:30 | 326 - Computer Lab","326 - Computer Lab"
"CSE 2118","Advanced Object Oriented Programming Laboratory","D","Kazi Abdun Noor","Saturday 08:30-11:00 | 423 - Computer Lab","423 - Computer Lab"
"CSE 2118","Advanced Object Oriented Programming Laboratory","E","Mahmudul Hasan","Saturday 14:00-16:30 | 327 - Computer Lab","327 - Computer Lab"
"CSE 2118","Advanced Object Oriented Programming Laboratory","F","TBA","Sunday 11:11-13:40 | 529 - Computer Lab","529 - Computer Lab"
"CSE 2118","Advanced Object Oriented Programming Laboratory","G","TBA","Tuesday 08:30-11:00 | 423 - Computer Lab","423 - Computer Lab"
"CSE 2118","Advanced Object Oriented Programming Laboratory","H","Miftahul Sheikh","Wednesday 11:11-13:40 | 422 - Computer Lab","422 - Computer Lab"
"CSE 1110","Introduction to Computer Systems","A","Md. Enamul Haque","Saturday 08:30-11:00 | 326 - Computer Lab","326 - Computer Lab"
"CSE 1110","Introduction to Computer Systems","B","Hamudi Hasan Sonet","Saturday 11:11-13:40 | 523 - Computer Lab","523 - Computer Lab"
"CSE 1110","Introduction to Computer Systems","C","Mohmmad Ali","Wednesday 14:00-16:30 | 326 - Computer Lab","326 - Computer Lab"
"CSE 1110","Introduction to Computer Systems","D","Minhajul Bashir","Wednesday 11:11-13:40 | 326 - Computer Lab","326 - Computer Lab"
"CSE 1110","Introduction to Computer Systems","E","Hamudi Hasan Sonet","Sunday 08:30-11:00 | 522 - Computer Lab","522 - Computer Lab"
"CSE 1110","Introduction to Computer Systems","F","Minhajul Bashir","Sunday 11:11-13:40 | 326 - Computer Lab","326 - Computer Lab"
"CSE 1110","Introduction to Computer Systems","G","Jerin Hasan Priya","Tuesday 08:30-11:00 | 326 - Computer Lab","326 - Computer Lab"
"CSE 1110","Introduction to Computer Systems","H","Sayeem Been Zaman","Tuesday 11:11-13:40 | 326 - Computer Lab","326 - Computer Lab"
"CSE 1110","Introduction to Computer Systems","I","Mohmmad Ali","Tuesday 14:00-16:30 | 326 - Computer Lab","326 - Computer Lab"
"EEE 2113","Electrical Circuits","A","Md. Abid Hossain","Saturday 08:30-09:50 | Tuesday 08:30-09:50 | 731","731"
"EEE 2113","Electrical Circuits","B","Fahim Hafiz","Saturday 09:51-11:10 | Tuesday 09:51-11:10 | 431","431"
"EEE 2113","Electrical Circuits","C","Md. Abid Hossain","Saturday 11:11-12:30 | Tuesday 11:11-12:30 | 432","432"
"EEE 2113","Electrical Circuits","D","Fahim Hafiz","Saturday 12:31-13:50 | Tuesday 12:31-13:50 | 432","432"
"EEE 2113","Electrical Circuits","E","Sajid Ahmed Chowdhury","Saturday 13:51-15:10 | Tuesday 13:51-15:10 | 706","706"
"EEE 2113","Electrical Circuits","F","Md. Abid Hossain","Sunday 08:30-09:50 | Wednesday 08:30-09:50 | 432","432"
"EEE 2113","Electrical Circuits","G","Imran Hossain","Sunday 09:51-11:10 | Wednesday 09:51-11:10 | 410","410"
"EEE 2113","Electrical Circuits","H","Fahim Hafiz","Sunday 11:11-12:30 | Wednesday 11:11-12:30 | 431","431"
"EEE 2113","Electrical Circuits","I","Anudwaipaon Antu","Sunday 12:31-13:50 | Wednesday 12:31-13:50 | 410","410"
"EEE 2113","Electrical Circuits","J","Anudwaipaon Antu","Sunday 13:51-15:10 | Wednesday 13:51-15:10 | 432","432"
"EEE 2113","Electrical Circuits","K","Anudwaipaon Antu","Sunday 15:11-16:30 | Wednesday 15:11-16:30 | 702","702"
"EEE 2123","Electronics","A","Taki Yashir","Saturday 08:30-09:50 | Tuesday 08:30-09:50 | 732","732"
"EEE 2123","Electronics","B","Noman Asif Aditya","Saturday 09:51-11:10 | Tuesday 09:51-11:10 | 432","432"
"EEE 2123","Electronics","C","Taki Yashir","Saturday 11:11-12:30 | Tuesday 11:11-12:30 | 701","701"
"EEE 2123","Electronics","D","M. Fahmin Rahman","Saturday 12:31-13:50 | Tuesday 12:31-13:50 | 702","702"
"EEE 2123","Electronics","E","Noman Asif Aditya","Saturday 13:51-15:10 | Tuesday 13:51-15:10 | 707","707"
"EEE 2123","Electronics","F","Taki Yashir","Sunday 08:30-09:50 | Wednesday 08:30-09:50 | 701","701"
"EEE 2123","Electronics","G","M. Fahmin Rahman","Sunday 09:51-11:10 | Wednesday 09:51-11:10 | 425","425"
"EEE 2123","Electronics","H","Noman Asif Aditya","Sunday 13:51-15:10 | Wednesday 13:51-15:10 | 701","701"
"EEE 2123","Electronics","I","M. Fahmin Rahman","Sunday 12:31-13:50 | Wednesday 12:31-13:50 | 425","425"
"EEE 2123","Electronics","J","Imran Hossain","Sunday 13:51-15:10 | Wednesday 13:51-15:10 | 702","702"
"EEE 2123","Electronics","K","Imran Hossain","Sunday 15:11-16:30 | Wednesday 15:11-16:30 | 703","703"
"EEE 2124","Electronics Laboratory","A","M. Fahmin Rahman","Saturday 08:30-11:00 | 504 - Circuit Lab","504 - Circuit Lab"
"EEE 2124","Electronics Laboratory","B","Imran Hossain","Saturday 11:11-13:40 | 504 - Circuit Lab","504 - Circuit Lab"
"EEE 2124","Electronics Laboratory","C","Anudwaipaon Antu","Saturday 14:00-16:30 | 504 - Circuit Lab","504 - Circuit Lab"
"EEE 2124","Electronics Laboratory","D","Shekh. Md. Saifur Rahman","Saturday 14:00-16:30 | 501 - Circuit Lab","501 - Circuit Lab"
"EEE 2124","Electronics Laboratory","E","Noman Asif Aditya","Sunday 08:30-11:00 | 825 - Digital Lab","825 - Digital Lab"
"EEE 2124","Electronics Laboratory","F","Taki Yashir","Sunday 11:11-13:40 | 825 - Digital Lab","825 - Digital Lab"
"EEE 2124","Electronics Laboratory","G","Fahim Hafiz","Sunday 14:00-16:30 | 825 - Digital Lab","825 - Digital Lab"
"EEE 2124","Electronics Laboratory","H","M. Fahmin Rahman","Tuesday 08:30-11:00 | 825 - Digital Lab","825 - Digital Lab"
"EEE 2124","Electronics Laboratory","I","Imran Hossain","Tuesday 11:11-13:40 | 825 - Digital Lab","825 - Digital Lab"
"EEE 2124","Electronics Laboratory","J","Anudwaipaon Antu","Tuesday 14:00-16:30 | 825 - Digital Lab","825 - Digital Lab"
"EEE 2124","Electronics Laboratory","K","Noman Asif Aditya","Wednesday 08:30-11:00 | 504 - Circuit Lab","504 - Circuit Lab"
"EEE 2124","Electronics Laboratory","L","Md. Abid Hossain","Wednesday 11:11-13:40 | 504 - Circuit Lab","504 - Circuit Lab"
"EEE 2124","Electronics Laboratory","M","Taki Yashir","Wednesday 14:00-16:30 | 825 - Digital Lab","825 - Digital Lab"
"EEE 4261","Green Computing","A","Md. Motaharul Islam","Sunday 08:30-09:50 | Wednesday 08:30-09:50 | 702","702"
"EEE 4261","Green Computing","B","Md. Motaharul Islam","Sunday 11:11-12:30 | Wednesday 11:11-12:30 | 432","432"
"EEE 4261","Green Computing","C","Shahriar Mahmud","Saturday 12:31-13:50 | Tuesday 12:31-13:50 | 703","703"
"EEE 4261","Green Computing","D","Md. Motaharul Islam","Sunday 13:51-15:10 | Wednesday 13:51-15:10 | 703","703"
"EEE 4261","Green Computing","E","Shahriar Mahmud","Saturday 13:51-15:10 | Tuesday 13:51-15:10 | 708","708"
"EEE 4261","Green Computing","F","Shahriar Mahmud","Saturday 09:51-11:10 | Tuesday 09:51-11:10 | 728","728"
"PHY 2105","Physics","A","Md. Mehedi Hasan","Saturday 08:30-09:50 | Tuesday 08:30-09:50 | 405","405"
"PHY 2105","Physics","B","Md. Asaduzzaman","Saturday 09:51-11:10 | Tuesday 09:51-11:10 | 708","708"
"PHY 2105","Physics","C","Md. Mehedi Hasan","Saturday 13:51-15:10 | Tuesday 13:51-15:10 | 730","730"
"PHY 2105","Physics","D","Sagar Dutta","Saturday 12:31-13:50 | Tuesday 12:31-13:50 | 728","728"
"PHY 2105","Physics","E","Md. Nobir Hosen","Saturday 13:51-15:10 | Tuesday 13:51-15:10 | 731","731"
"PHY 2105","Physics","F","Md. Saiful Islam","Saturday 08:30-09:50 | Tuesday 08:30-09:50 | 406","406"
"PHY 2105","Physics","G","Md. Nobir Hosen","Saturday 09:51-11:10 | Tuesday 09:51-11:10 | 711","711"
"PHY 2105","Physics","H","Md. Saiful Islam","Saturday 11:11-12:30 | Tuesday 11:11-12:30 | 405","405"
"PHY 2105","Physics","I","Md. Asaduzzaman","Sunday 08:30-09:50 | Wednesday 08:30-09:50 | 724","724"
"PHY 2105","Physics","J","Sagar Dutta","Sunday 09:51-11:10 | Wednesday 09:51-11:10 | 707","707"
"PHY 2105","Physics","K","Anindita Adri","Sunday 11:11-12:30 | Wednesday 11:11-12:30 | 405","405"
"PHY 2105","Physics","L","Golam Mohammed Bhuiyan","Sunday 12:31-13:50 | Wednesday 12:31-13:50 | 703","703"
"PHY 2105","Physics","M","S.M. Hasibul Hassan Rizvee","Sunday 13:51-15:10 | Wednesday 13:51-15:10 | 724","724"
"PHY 2105","Physics","N","Md. Asaduzzaman","Sunday 15:11-16:30 | Wednesday 15:11-16:30 | 724","724"
"PHY 2105","Physics","O","Mst. Sornali Akter","Sunday 09:51-11:10 | Wednesday 09:51-11:10 | 708","708"
"PHY 2105","Physics","P","Golam Mohammed Bhuiyan","Sunday 11:11-12:30 | Wednesday 11:11-12:30 | 406","406"
"PHY 2105","Physics","Q","Rabeya Bakar Sarna","Sunday 12:31-13:50 | Wednesday 12:31-13:50 | 706","706"
"PHY 2106","Physics Laboratory","A","Rabeya Bakar Sarna","Saturday 08:30-11:00 | 510 - Physics Lab","510 - Physics Lab"
"PHY 2106","Physics Laboratory","B","S.M. Hasibul Hassan Rizvee","Saturday 11:11-13:40 | 510 - Physics Lab","510 - Physics Lab"
"PHY 2106","Physics Laboratory","C","Rabeya Bakar Sarna","Saturday 14:00-16:30 | 704 - Physics Lab","704 - Physics Lab"
"PHY 2106","Physics Laboratory","D","Rahil Afzal Nihal","Saturday 14:00-16:30 | 510 - Physics Lab","510 - Physics Lab"
"PHY 2106","Physics Laboratory","E","Rahil Afzal Nihal","Sunday 08:30-11:00 | 510 - Physics Lab","510 - Physics Lab"
"PHY 2106","Physics Laboratory","F","Md. Mehedi Hasan","Sunday 11:11-13:40 | 510 - Physics Lab","510 - Physics Lab"
"PHY 2106","Physics Laboratory","G","Sagar Dutta","Sunday 14:00-16:30 | 510 - Physics Lab","510 - Physics Lab"
"PHY 2106","Physics Laboratory","H","S.M. Hasibul Hassan Rizvee","Sunday 08:30-11:00 | 704 - Physics Lab","704 - Physics Lab"
"PHY 2106","Physics Laboratory","I","Anindita Adri","Tuesday 08:30-11:00 | 704 - Physics Lab","704 - Physics Lab"
"PHY 2106","Physics Laboratory","J","Nayeem Bin Zahid","Tuesday 11:11-13:40 | 704 - Physics Lab","704 - Physics Lab"
"PHY 2106","Physics Laboratory","K","Anindita Adri","Tuesday 14:00-16:30 | 704 - Physics Lab","704 - Physics Lab"
"PHY 2106","Physics Laboratory","L","Md. Nobir Hosen","Wednesday 08:30-11:00 | 510 - Physics Lab","510 - Physics Lab"
"PHY 2106","Physics Laboratory","M","Mst. Sornali Akter","Wednesday 11:11-13:40 | 704 - Physics Lab","704 - Physics Lab"
"PHY 2106","Physics Laboratory","N","Sagar Dutta","Wednesday 14:00-16:30 | 510 - Physics Lab","510 - Physics Lab"
"BIO 3105","Biology for Engineers","A","Dr. Khandker Saadat Hossain","Saturday 09:51-11:10 | Tuesday 09:51-11:10 | 302","302"
"BIO 3105","Biology for Engineers","B","Hasin Anupama Azhari","Saturday 11:11-12:30 | Tuesday 11:11-12:30 | 303","303"
"BIO 3105","Biology for Engineers","C","Muhammad Sibgatullah Zunnun","Saturday 12:31-13:50 | Tuesday 12:31-13:50 | 301","301"
"BIO 3105","Biology for Engineers","D","Mobashara Islam","Saturday 13:51-15:10 | Tuesday 13:51-15:10 | 301","301"
"BIO 3105","Biology for Engineers","E","Mr. Md. Zubayer Alvi","Saturday 08:30-09:50 | Tuesday 08:30-09:50 | 303","303"
"BIO 3105","Biology for Engineers","F","Hasin Anupama Azhari","Saturday 09:51-11:10 | Tuesday 09:51-11:10 | 303","303"
"BIO 3105","Biology for Engineers","G","S.M. Rafiqul Islam","Sunday 08:30-09:50 | Wednesday 08:30-09:50 | 303","303"
"BIO 3105","Biology for Engineers","H","Aashnan Rahman","Sunday 09:51-11:10 | Wednesday 09:51-11:10 | 301","301"
"BIO 3105","Biology for Engineers","I","Hasin Anupama Azhari","Sunday 11:11-12:30 | Wednesday 11:11-12:30 | 301","301"
"BIO 3105","Biology for Engineers","J","Aashnan Rahman","Sunday 12:31-13:50 | Wednesday 12:31-13:50 | 302","302"
"BIO 3105","Biology for Engineers","K","Mobashara Islam","Sunday 13:51-15:10 | Wednesday 13:51-15:10 | 303","303"
"BIO 3105","Biology for Engineers","L","Mahir Amer Haque","Sunday 15:11-16:30 | Wednesday 15:11-16:30 | 303","303"
"BIO 3105","Biology for Engineers","M","Mr. Md. Zubayer Alvi","Sunday 08:30-09:50 | Wednesday 08:30-09:50 | 304","304"
"PMG 4101","Project Management","A","Rizvan Jawad Ruhan","Saturday 08:30-09:50 | Tuesday 08:30-09:50 | 724","724"
"PMG 4101","Project Management","B","Md. Muhyminul Haque","Saturday 09:51-11:10 | Tuesday 09:51-11:10 | 405","405"
"PMG 4101","Project Management","C","Rizvan Jawad Ruhan","Saturday 11:11-12:30 | Tuesday 11:11-12:30 | 406","406"
"PMG 4101","Project Management","D","Md. Muhyminul Haque","Saturday 13:51-15:10 | Tuesday 13:51-15:10 | 732","732"
"PMG 4101","Project Management","E","Rizvan Jawad Ruhan","Sunday 08:30-09:50 | Wednesday 08:30-09:50 | 725","725"
"PMG 4101","Project Management","F","Md. Muhyminul Haque","Sunday 09:51-11:10 | Wednesday 09:51-11:10 | 711","711"
"PMG 4101","Project Management","G","Suman Ahmmed","Sunday 11:11-12:30 | Wednesday 11:11-12:30 | 724","724"
"PMG 4101","Project Management","H","Sherajul Arifin","Sunday 13:51-15:10 | Wednesday 13:51-15:10 | 725","725"
"PMG 4101","Project Management","I","Sherajul Arifin","Sunday 15:11-16:30 | Wednesday 15:11-16:30 | 725","725"
"TEC 2499","Technology Entrepreneurship","A","Khondaker Abdullah -Al-Mamun","Tuesday 09:51-11:10 | Tuesday 11:11-12:30 | 408","408"
"MATH 1151","Fundamental Calculus","A","Jashodhan Saha","Saturday 08:30-09:50 | Tuesday 08:30-09:50 | 703","703"
"MATH 1151","Fundamental Calculus","B","Nasrina Parvin","Saturday 09:51-11:10 | Tuesday 09:51-11:10 | 801","801"
"MATH 1151","Fundamental Calculus","C","Nasrina Parvin","Saturday 12:31-13:50 | Tuesday 12:31-13:50 | 708","708"
"MATH 1151","Fundamental Calculus","D","Md. Asadujjaman","Saturday 13:51-15:10 | Tuesday 13:51-15:10 | 405","405"
"MATH 1151","Fundamental Calculus","E","Maliha Tasnim","Sunday 09:51-11:10 | Wednesday 09:51-11:10 | 432","432"
"MATH 1151","Fundamental Calculus","F","Nazia Shifa Mugdha","Sunday 11:11-12:30 | Wednesday 11:11-12:30 | 703","703"
"MATH 1151","Fundamental Calculus","G","Maliha Tasnim","Sunday 13:51-15:10 | Wednesday 13:51-15:10 | 729","729"
"MATH 1151","Fundamental Calculus","H","Nazia Shifa Mugdha","Sunday 15:11-16:30 | Wednesday 15:11-16:30 | 707","707"
"MATH 2183","Calculus and Linear Algebra","A","Md. Minhaj Uddin Turjo","Saturday 08:30-09:50 | Tuesday 08:30-09:50 | 706","706"
"MATH 2183","Calculus and Linear Algebra","B","Maliha Tasnim","Saturday 09:51-11:10 | Tuesday 09:51-11:10 | 701","701"
"MATH 2183","Calculus and Linear Algebra","C","Saima Akter","Saturday 11:11-12:30 | Tuesday 11:11-12:30 | 708","708"
"MATH 2183","Calculus and Linear Algebra","D","Md. Asadujjaman","Saturday 12:31-13:50 | Tuesday 12:31-13:50 | 711","711"
"MATH 2183","Calculus and Linear Algebra","E","Nazmul Hasan","Saturday 13:51-15:10 | Tuesday 13:51-15:10 | 724","724"
"MATH 2183","Calculus and Linear Algebra","F","Nazia Shifa Mugdha","Saturday 09:51-11:10 | Tuesday 09:51-11:10 | 702","702"
"MATH 2183","Calculus and Linear Algebra","G","Nasrina Parvin","Sunday 08:30-09:50 | Wednesday 08:30-09:50 | 708","708"
"MATH 2183","Calculus and Linear Algebra","H","Jashodhan Saha","Sunday 09:51-11:10 | Wednesday 09:51-11:10 | 701","701"
"MATH 2183","Calculus and Linear Algebra","I","Md. Minhaj Uddin Turjo","Sunday 11:11-12:30 | Wednesday 11:11-12:30 | 707","707"
"MATH 2183","Calculus and Linear Algebra","J","Nasrina Parvin","Sunday 12:31-13:50 | Wednesday 12:31-13:50 | 431","431"
"MATH 2183","Calculus and Linear Algebra","K","Saima Akter","Sunday 13:51-15:10 | Wednesday 13:51-15:10 | 711","711"
"MATH 2183","Calculus and Linear Algebra","L","Saima Akter","Sunday 15:11-16:30 | Wednesday 15:11-16:30 | 711","711"
"MATH 2183","Calculus and Linear Algebra","M","Md. Minhaj Uddin Turjo","Sunday 08:30-09:50 | Wednesday 08:30-09:50 | 711","711"
"MATH 2201","Coordinate Geometry and Vector Analysis","A","Nazmul Hasan","Saturday 08:30-09:50 | Tuesday 08:30-09:50 | 707","707"
"MATH 2201","Coordinate Geometry and Vector Analysis","B","Tahmid Nowsher","Saturday 09:51-11:10 | Tuesday 09:51-11:10 | 703","703"
"MATH 2201","Coordinate Geometry and Vector Analysis","C","Muhaiminul Islam Adnan","Saturday 11:11-12:30 | Tuesday 11:11-12:30 | 711","711"
"MATH 2201","Coordinate Geometry and Vector Analysis","D","Nazia Shifa Mugdha","Saturday 12:31-13:50 | Tuesday 12:31-13:50 | 405","405"
"MATH 2201","Coordinate Geometry and Vector Analysis","E","A.K.M. Rayhan","Saturday 13:51-15:10 | Tuesday 13:51-15:10 | 725","725"
"MATH 2201","Coordinate Geometry and Vector Analysis","F","Md. Moynul Islam","Saturday 13:51-15:10 | Tuesday 13:51-15:10 | 728","728"
"MATH 2201","Coordinate Geometry and Vector Analysis","G","Saidul Islam","Sunday 08:30-09:50 | Wednesday 08:30-09:50 | 405","405"
"MATH 2201","Coordinate Geometry and Vector Analysis","H","Muhaiminul Islam Adnan","Sunday 09:51-11:10 | Wednesday 09:51-11:10 | 702","702"
"MATH 2201","Coordinate Geometry and Vector Analysis","I","Muhaiminul Islam Adnan","Sunday 11:11-12:30 | Wednesday 11:11-12:30 | 708","708"
"MATH 2201","Coordinate Geometry and Vector Analysis","J","Nazmul Hasan","Sunday 12:31-13:50 | Wednesday 12:31-13:50 | 432","432"
"MATH 2201","Coordinate Geometry and Vector Analysis","K","A.K.M. Rayhan","Sunday 13:51-15:10 | Wednesday 13:51-15:10 | 405","405"
"MATH 2201","Coordinate Geometry and Vector Analysis","L","Nazmul Hasan","Sunday 15:11-16:30 | Wednesday 15:11-16:30 | 405","405"
"MATH 2205","Probability and Statistics","A","Mahtab Uddin","Saturday 08:30-09:50 | Tuesday 08:30-09:50 | 708","708"
"MATH 2205","Probability and Statistics","B","Ashek Ahmed","Saturday 09:51-11:10 | Tuesday 09:51-11:10 | 706","706"
"MATH 2205","Probability and Statistics","C","Jashodhan Saha","Saturday 12:31-13:50 | Tuesday 12:31-13:50 | 406","406"
"MATH 2205","Probability and Statistics","D","Md. Mutasim Billah Kouser","Saturday 12:31-13:50 | Tuesday 12:31-13:50 | 724","724"
"MATH 2205","Probability and Statistics","E","Saidul Islam","Saturday 13:51-15:10 | Tuesday 13:51-15:10 | 729","729"
"MATH 2205","Probability and Statistics","F","Mahtab Uddin","Saturday 09:51-11:10 | Tuesday 09:51-11:10 | 707","707"
"MATH 2205","Probability and Statistics","G","Md. Mutasim Billah Kouser","Saturday 08:30-09:50 | Tuesday 08:30-09:50 | 711","711"
"MATH 2205","Probability and Statistics","H","A.K.M. Rayhan","Saturday 12:31-13:50 | Tuesday 12:31-13:50 | 725","725"
"MATH 2205","Probability and Statistics","I","A.K.M. Rayhan","Sunday 08:30-09:50 | Wednesday 08:30-09:50 | 406","406"
"MATH 2205","Probability and Statistics","J","Ashek Ahmed","Sunday 09:51-11:10 | Wednesday 09:51-11:10 | 703","703"
"MATH 2205","Probability and Statistics","K","Ashek Ahmed","Sunday 11:11-12:30 | Wednesday 11:11-12:30 | 711","711"
"MATH 2205","Probability and Statistics","L","Md. Mutasim Billah Kouser","Sunday 12:31-13:50 | Wednesday 12:31-13:50 | 701","701"
"MATH 2205","Probability and Statistics","M","Mahtab Uddin","Sunday 13:51-15:10 | Wednesday 13:51-15:10 | 406","406"
"MATH 2205","Probability and Statistics","N","Md. Moynul Islam","Sunday 15:11-16:30 | Wednesday 15:11-16:30 | 406","406"
"MATH 2205","Probability and Statistics","O","Md. Moynul Islam","Sunday 09:51-11:10 | Wednesday 09:51-11:10 | 706","706"
"MATH 2205","Probability and Statistics","P","Jashodhan Saha","Sunday 12:31-13:50 | Wednesday 12:31-13:50 | 702","702"
"SOC 2101","Society, Environment and Engineering Ethics","A","Md. Minhajul Islam","Saturday 08:30-09:50 | Tuesday 08:30-09:50 | 725","725"
"SOC 2101","Society, Environment and Engineering Ethics","B","Nazmun Nahar Showmi","Saturday 09:51-11:10 | Tuesday 09:51-11:10 | 406","406"
"SOC 2101","Society, Environment and Engineering Ethics","C","Md. Minhajul Islam","Saturday 11:11-12:30 | Tuesday 11:11-12:30 | 724","724"
"SOC 2101","Society, Environment and Engineering Ethics","D","Nazmun Nahar Showmi","Saturday 12:31-13:50 | Tuesday 12:31-13:50 | 729","729"
"SOC 2101","Society, Environment and Engineering Ethics","E","TBA","Saturday 13:51-15:10 | Tuesday 13:51-15:10 | 801","801"
"SOC 2101","Society, Environment and Engineering Ethics","F","Salma Begum","Sunday 08:30-09:50 | Wednesday 08:30-09:50 | 728","728"
"SOC 2101","Society, Environment and Engineering Ethics","G","Nabila Sultana","Sunday 09:51-11:10 | Wednesday 09:51-11:10 | 405","405"
"SOC 2101","Society, Environment and Engineering Ethics","H","Oliver Tirtho Sarkar","Sunday 11:11-12:30 | Wednesday 11:11-12:30 | 725","725"
"SOC 2101","Society, Environment and Engineering Ethics","I","Salma Begum","Sunday 12:31-13:50 | Wednesday 12:31-13:50 | 707","707"
"SOC 2101","Society, Environment and Engineering Ethics","J","Mallika Datta","Sunday 13:51-15:10 | Wednesday 13:51-15:10 | 728","728"
"SOC 2101","Society, Environment and Engineering Ethics","K","Taniah Mahmuda Tinni","Sunday 15:11-16:30 | Wednesday 15:11-16:30 | 728","728"
"ECO 4101","Economics","A","Mohammad Akhtaruzzaman","Saturday 12:31-13:50 | Tuesday 12:31-13:50 | 431","431"
"ECO 4101","Economics","B","Tanzila Amir","Saturday 13:51-15:10 | Tuesday 13:51-15:10 | 703","703"
"ECO 4101","Economics","C","Asiya Siddica","Saturday 11:11-12:30 | Tuesday 11:11-12:30 | 732","732"
"ECO 4101","Economics","D","Tasneem Jahan Tumpa","Saturday 08:30-09:50 | Tuesday 08:30-09:50 | 730","730"
"ECO 4101","Economics","E","Tasneem Jahan Tumpa","Sunday 09:51-11:10 | Wednesday 09:51-11:10 | 409","409"
"ECO 4101","Economics","F","Tasneem Jahan Tumpa","Sunday 11:11-12:30 | Wednesday 11:11-12:30 | 429","429"
"ECO 4101","Economics","G","Mohammad Akhtaruzzaman","Sunday 13:51-15:10 | Wednesday 13:51-15:10 | 431","431"
"ECO 4101","Economics","H","Tanzila Amir","Sunday 15:11-16:30 | Wednesday 15:11-16:30 | 701","701"
"ECO 4101","Economics","I","Tanzila Amir","Sunday 08:30-09:50 | Wednesday 08:30-09:50 | 431","431"
"ACT 2111","Financial and Managerial Accounting","A","Imtiaz Zahan Chowdhury","Saturday 08:30-09:50 | Tuesday 08:30-09:50 | 301","301"
"ACT 2111","Financial and Managerial Accounting","B","Ishrat Jahan","Saturday 11:11-12:30 | Tuesday 11:11-12:30 | 301","301"
"ACT 2111","Financial and Managerial Accounting","C","Imtiaz Zahan Chowdhury","Sunday 13:51-15:10 | Wednesday 13:51-15:10 | 301","301"
"ACT 2111","Financial and Managerial Accounting","D","Ishrat Jahan","Sunday 09:51-11:10 | Wednesday 09:51-11:10 | 301","301"
"ACT 2111","Financial and Managerial Accounting","E","Ishrat Jahan","Sunday 12:31-13:50 | Wednesday 12:31-13:50 | 301","301"
"IPE 3401","Industrial and Operational Management","A","Nur Md Alif Ul Islam","Saturday 08:30-09:50 | Tuesday 08:30-09:50 | 702","702"
"IPE 3401","Industrial and Operational Management","B","TBA","Saturday 09:51-11:10 | Tuesday 09:51-11:10 | 731","731"
"IPE 3401","Industrial and Operational Management","C","Abu Taher","Saturday 11:11-12:30 | Tuesday 11:11-12:30 | 706","706"
"IPE 3401","Industrial and Operational Management","D","Abu Taher","Saturday 12:31-13:50 | Tuesday 12:31-13:50 | 707","707"
"IPE 3401","Industrial and Operational Management","E","Shashwata Sengupta","Saturday 13:51-15:10 | Tuesday 13:51-15:10 | 711","711"
"IPE 3401","Industrial and Operational Management","F","Nur Md Alif Ul Islam","Saturday 09:51-11:10 | Tuesday 09:51-11:10 | 732","732"
"IPE 3401","Industrial and Operational Management","G","Partha Pratim Das Roy","Sunday 08:30-09:50 | Wednesday 08:30-09:50 | 707","707"
"IPE 3401","Industrial and Operational Management","H","Partha Pratim Das Roy","Sunday 09:51-11:10 | Wednesday 09:51-11:10 | 431","431"
"IPE 3401","Industrial and Operational Management","I","Shashwata Sengupta","Sunday 11:11-12:30 | Wednesday 11:11-12:30 | 702","702"
"IPE 3401","Industrial and Operational Management","J","Partha Pratim Das Roy","Sunday 12:31-13:50 | Wednesday 12:31-13:50 | 429","429"
"IPE 3401","Industrial and Operational Management","K","TBA","Sunday 13:51-15:10 | Wednesday 13:51-15:10 | 706","706"
"IPE 3401","Industrial and Operational Management","L","TBA","Sunday 15:11-16:30 | Wednesday 15:11-16:30 | 706","706"
"IPE 3401","Industrial and Operational Management","M","Shashwata Sengupta","Sunday 13:51-15:10 | Wednesday 13:51-15:10 | 707","707"
"IPE 3401","Industrial and Operational Management","N","TBA","Saturday 11:11-12:30 | Tuesday 11:11-12:30 | 707","707"
"ENG 1011","English I","AA","TBA","Saturday 08:30-09:50 | Tuesday 08:30-09:50 | 801","801"
"ENG 1011","English I","AB","TBA","Sunday 08:30-09:50 | Wednesday 08:30-09:50 | 703","703"
"ENG 1011","English I","AC","Md. Ziaul Karim","Saturday 09:51-11:10 | Tuesday 09:51-11:10 | 729","729"
"ENG 1011","English I","AD","Labib Rashid Inan","Sunday 09:51-11:10 | Wednesday 09:51-11:10 | 428","428"
"ENG 1011","English I","AE","Nousin Laila Bristi","Saturday 11:11-12:30 | Tuesday 11:11-12:30 | 702","702"
"ENG 1011","English I","AF","Umme Habiba","Sunday 11:11-12:30 | Wednesday 11:11-12:30 | 701","701"
"ENG 1011","English I","AG","Sadia Afrin","Saturday 12:31-13:50 | Tuesday 12:31-13:50 | 706","706"
"ENG 1013","English II","AA","Christina Miti Rozario","Saturday 08:30-09:50 | Tuesday 08:30-09:50 | 701","701"
"ENG 1013","English II","AB","Christina Miti Rozario","Saturday 09:51-11:10 | Tuesday 09:51-11:10 | 730","730"
"ENG 1013","English II","AC","Umme Habiba","Saturday 11:11-12:30 | Tuesday 11:11-12:30 | 703","703"
"ENG 1013","English II","AD","Saima Hasin","Sunday 12:31-13:50 | Wednesday 12:31-13:50 | 428","428"
"ENG 1013","English II","AE","Saima Hasin","Sunday 08:30-09:50 | Wednesday 08:30-09:50 | 706","706"
"ENG 1013","English II","AF","Muntasir Ahmad","Sunday 09:51-11:10 | Wednesday 09:51-11:10 | 429","429"
"BDS 1201","History of the Emergence of Bangladesh","AA","Mosharof Hossain","Saturday 08:30-09:50 | Tuesday 08:30-09:50 | 302","302"
"BDS 1201","History of the Emergence of Bangladesh","AB","Al Jamal Mustafa Shindaini","Saturday 09:51-11:10 | Tuesday 09:51-11:10 | 301","301"
"BDS 1201","History of the Emergence of Bangladesh","AC","Mosharof Hossain","Saturday 11:11-12:30 | Tuesday 11:11-12:30 | 302","302"
"BDS 1201","History of the Emergence of Bangladesh","AD","Oliver Tirtho Sarkar","Sunday 08:30-09:50 | Wednesday 08:30-09:50 | 302","302"
"BDS 1201","History of the Emergence of Bangladesh","AE","Taniah Mahmuda Tinni","Sunday 12:31-13:50 | Wednesday 12:31-13:50 | 301","301"
"BDS 1201","History of the Emergence of Bangladesh","AF","Jemima Jahan Meem","Sunday 13:51-15:10 | Wednesday 13:51-15:10 | 302","302"
"BDS 1201","History of the Emergence of Bangladesh","AG","Nazmul Huda","Sunday 15:11-16:30 | Wednesday 15:11-16:30 | 302","302"
"CSE 4000C","Final Year Design Project - III","Y","TBA","Schedule TBA","TBA"